"itemID","systemSku","defaultCost","avgCost","discountable","tax","archived","itemType","serialized","description","modelYear","upc","ean","customSku","manufacturerSku","createTime","timeStamp","publishToEcom","categoryID","taxClassID","departmentID","itemMatrixID","manufacturerID","seasonID","defaultVendorID","ItemShops","Prices"
"335","210000000335","125","125","true","true","false","default","false","Stacked Pendant | Large","0","","","LIGHT- 10002","","2015-10-05T16:23:59+00:00","2018-04-23T21:53:47+00:00","false","238","2","0","0","0","0","27","{""ItemShop"":[{""itemShopID"":""670"",""qoh"":""1"",""backorder"":""0"",""componentQoh"":""0"",""componentBackorder"":""0"",""reorderPoint"":""0"",""reorderLevel"":""0"",""timeStamp"":""2018-04-23T21:53:47+00:00"",""itemID"":""335"",""shopID"":""1""},{""itemShopID"":""671"",""qoh"":""1"",""backorder"":""0"",""componentQoh"":""0"",""componentBackorder"":""0"",""reorderPoint"":""0"",""reorderLevel"":""0"",""timeStamp"":""2017-10-07T19:24:05+00:00"",""itemID"":""335"",""shopID"":""0""}]}","{""ItemPrice"":[{""amount"":""250"",""useTypeID"":""1"",""useType"":""Default""},{""amount"":""0"",""useTypeID"":""2"",""useType"":""MSRP""}]}"
"348","210000000348","328","328","true","true","false","default","false","Ruth Table Lamp | Black","0","","","LIGHT- 10015","","2015-10-05T16:24:03+00:00","2018-04-23T21:43:34+00:00","false","240","2","0","0","0","0","52","{""ItemShop"":[{""itemShopID"":""696"",""qoh"":""1"",""backorder"":""0"",""componentQoh"":""0"",""componentBackorder"":""0"",""reorderPoint"":""0"",""reorderLevel"":""0"",""timeStamp"":""2018-04-23T21:43:34+00:00"",""itemID"":""348"",""shopID"":""1""},{""itemShopID"":""697"",""qoh"":""1"",""backorder"":""0"",""componentQoh"":""0"",""componentBackorder"":""0"",""reorderPoint"":""0"",""reorderLevel"":""0"",""timeStamp"":""2016-08-02T21:08:51+00:00"",""itemID"":""348"",""shopID"":""0""}]}","{""ItemPrice"":[{""amount"":""650"",""useTypeID"":""1"",""useType"":""Default""},{""amount"":""0"",""useTypeID"":""2"",""useType"":""MSRP""}]}"
"349","210000000349","328","328","true","true","false","default","false","Ruth Table Lamp | Matte Ecru","0","","","LIGHT- 10016","","2015-10-05T16:24:03+00:00","2018-04-23T21:43:41+00:00","false","240","2","0","0","0","0","52","{""ItemShop"":[{""itemShopID"":""698"",""qoh"":""2"",""backorder"":""0"",""componentQoh"":""0"",""componentBackorder"":""0"",""reorderPoint"":""0"",""reorderLevel"":""0"",""timeStamp"":""2018-04-23T21:43:41+00:00"",""itemID"":""349"",""shopID"":""1""},{""itemShopID"":""699"",""qoh"":""2"",""backorder"":""0"",""componentQoh"":""0"",""componentBackorder"":""0"",""reorderPoint"":""0"",""reorderLevel"":""0"",""timeStamp"":""2017-10-04T17:35:38+00:00"",""itemID"":""349"",""shopID"":""0""}]}","{""ItemPrice"":[{""amount"":""650"",""useTypeID"":""1"",""useType"":""Default""},{""amount"":""0"",""useTypeID"":""2"",""useType"":""MSRP""}]}"
"353","210000000353","700","700","true","true","false","default","false","Orbit Chandelier | Black | 42""","0","","","LIGHT- 10020","","2015-10-05T16:24:04+00:00","2019-02-05T22:27:31+00:00","false","107","2","0","0","0","0","53","{""ItemShop"":[{""itemShopID"":""706"",""qoh"":""1"",""backorder"":""0"",""componentQoh"":""0"",""componentBackorder"":""0"",""reorderPoint"":""0"",""reorderLevel"":""0"",""timeStamp"":""2019-02-05T22:27:31+00:00"",""itemID"":""353"",""shopID"":""1""},{""itemShopID"":""707"",""qoh"":""1"",""backorder"":""0"",""componentQoh"":""0"",""componentBackorder"":""0"",""reorderPoint"":""0"",""reorderLevel"":""0"",""timeStamp"":""2019-02-05T22:27:31+00:00"",""itemID"":""353"",""shopID"":""0""}]}","{""ItemPrice"":[{""amount"":""1400"",""useTypeID"":""1"",""useType"":""Default""},{""amount"":""0"",""useTypeID"":""2"",""useType"":""MSRP""}]}"
"355","210000000355","1400","1400","true","true","false","default","false","Stellar Chandelier | Bronze | 56""","0","","","LIGHT- 10022","","2015-10-05T16:24:05+00:00","2019-03-04T18:19:32+00:00","false","238","2","0","0","0","0","53","{""ItemShop"":[{""itemShopID"":""710"",""qoh"":""2"",""backorder"":""0"",""componentQoh"":""0"",""componentBackorder"":""0"",""reorderPoint"":""0"",""reorderLevel"":""0"",""timeStamp"":""2019-03-11T20:55:59+00:00"",""itemID"":""355"",""shopID"":""1""},{""itemShopID"":""711"",""qoh"":""2"",""backorder"":""0"",""componentQoh"":""0"",""componentBackorder"":""0"",""reorderPoint"":""0"",""reorderLevel"":""0"",""timeStamp"":""2019-03-11T20:55:59+00:00"",""itemID"":""355"",""shopID"":""0""}]}","{""ItemPrice"":[{""amount"":""2800"",""useTypeID"":""1"",""useType"":""Default""},{""amount"":""0"",""useTypeID"":""2"",""useType"":""MSRP""}]}"
"358","210000000358","395","395","true","true","false","default","false","Italian Wrought Iron Chandelier","0","","","LIGHT- 10025","","2015-10-05T16:24:06+00:00","2018-04-19T20:39:40+00:00","false","212","2","0","0","0","0","35","{""ItemShop"":[{""itemShopID"":""716"",""qoh"":""1"",""backorder"":""0"",""componentQoh"":""0"",""componentBackorder"":""0"",""reorderPoint"":""0"",""reorderLevel"":""0"",""timeStamp"":""2018-04-19T20:39:40+00:00"",""itemID"":""358"",""shopID"":""1""},{""itemShopID"":""717"",""qoh"":""1"",""backorder"":""0"",""componentQoh"":""0"",""componentBackorder"":""0"",""reorderPoint"":""0"",""reorderLevel"":""0"",""timeStamp"":""2015-10-05T16:24:06+00:00"",""itemID"":""358"",""shopID"":""0""}]}","{""ItemPrice"":[{""amount"":""980"",""useTypeID"":""1"",""useType"":""Default""},{""amount"":""0"",""useTypeID"":""2"",""useType"":""MSRP""}]}"
"365","210000000365","1.53","1.53","false","true","false","default","false","Recycled Moroccan Glass | Small","0","","","TBLTP- 10001","","2015-10-05T16:24:08+00:00","2019-03-23T21:07:49+00:00","false","245","2","0","0","0","0","23","{""ItemShop"":[{""itemShopID"":""730"",""qoh"":""95"",""backorder"":""0"",""componentQoh"":""0"",""componentBackorder"":""0"",""reorderPoint"":""0"",""reorderLevel"":""0"",""timeStamp"":""2019-03-23T21:07:49+00:00"",""itemID"":""365"",""shopID"":""1""},{""itemShopID"":""731"",""qoh"":""95"",""backorder"":""0"",""componentQoh"":""0"",""componentBackorder"":""0"",""reorderPoint"":""0"",""reorderLevel"":""0"",""timeStamp"":""2019-03-23T21:07:49+00:00"",""itemID"":""365"",""shopID"":""0""}]}","{""ItemPrice"":[{""amount"":""6"",""useTypeID"":""1"",""useType"":""Default""},{""amount"":""0"",""useTypeID"":""2"",""useType"":""MSRP""}]}"
"366","210000000366","1.61","1.61","true","true","false","default","false","Recycled Moroccan Glass | Large","0","","","TBLTP- 10002","","2015-10-05T16:24:09+00:00","2019-03-05T17:39:40+00:00","false","245","2","0","0","0","0","23","{""ItemShop"":[{""itemShopID"":""732"",""qoh"":""97"",""backorder"":""0"",""componentQoh"":""0"",""componentBackorder"":""0"",""reorderPoint"":""0"",""reorderLevel"":""0"",""timeStamp"":""2019-03-05T17:39:40+00:00"",""itemID"":""366"",""shopID"":""1""},{""itemShopID"":""733"",""qoh"":""97"",""backorder"":""0"",""componentQoh"":""0"",""componentBackorder"":""0"",""reorderPoint"":""0"",""reorderLevel"":""0"",""timeStamp"":""2019-03-05T17:39:40+00:00"",""itemID"":""366"",""shopID"":""0""}]}","{""ItemPrice"":[{""amount"":""8"",""useTypeID"":""1"",""useType"":""Default""},{""amount"":""0"",""useTypeID"":""2"",""useType"":""MSRP""}]}"
"367","210000000367","17.92","17.92","false","true","false","default","false","AdV Colbert Deep Dish","0","","","TBLTP- 10003","CPBCLB01","2015-10-05T16:24:09+00:00","2018-11-27T19:57:06+00:00","false","243","2","0","0","0","0","26","{""ItemShop"":[{""itemShopID"":""734"",""qoh"":""2"",""backorder"":""0"",""componentQoh"":""0"",""componentBackorder"":""0"",""reorderPoint"":""0"",""reorderLevel"":""0"",""timeStamp"":""2018-11-27T19:57:06+00:00"",""itemID"":""367"",""shopID"":""1""},{""itemShopID"":""735"",""qoh"":""2"",""backorder"":""0"",""componentQoh"":""0"",""componentBackorder"":""0"",""reorderPoint"":""0"",""reorderLevel"":""0"",""timeStamp"":""2018-06-24T20:09:10+00:00"",""itemID"":""367"",""shopID"":""0""}]}","{""ItemPrice"":[{""amount"":""50"",""useTypeID"":""1"",""useType"":""Default""},{""amount"":""0"",""useTypeID"":""2"",""useType"":""MSRP""}]}"
"368","210000000368","20.16","20.16","false","true","false","default","false","AdV Simple Chocolate Saucer","0","","","TBLTP- 10004","SSCSMP3","2015-10-05T16:24:09+00:00","2018-11-27T19:57:11+00:00","false","243","2","0","0","0","0","26","{""ItemShop"":[{""itemShopID"":""736"",""qoh"":""3"",""backorder"":""0"",""componentQoh"":""0"",""componentBackorder"":""0"",""reorderPoint"":""0"",""reorderLevel"":""0"",""timeStamp"":""2018-11-27T19:57:11+00:00"",""itemID"":""368"",""shopID"":""1""},{""itemShopID"":""737"",""qoh"":""3"",""backorder"":""0"",""componentQoh"":""0"",""componentBackorder"":""0"",""reorderPoint"":""0"",""reorderLevel"":""0"",""timeStamp"":""2018-09-27T14:34:00+00:00"",""itemID"":""368"",""shopID"":""0""}]}","{""ItemPrice"":[{""amount"":""50"",""useTypeID"":""1"",""useType"":""Default""},{""amount"":""0"",""useTypeID"":""2"",""useType"":""MSRP""}]}"
"369","210000000369","22.4","22.4","false","true","false","default","false","AdV Simple Side Plate","0","","","TBLTP- 10005","ASPSMP1","2015-10-05T16:24:10+00:00","2019-03-01T15:25:55+00:00","false","243","2","0","0","0","0","26","{""ItemShop"":[{""itemShopID"":""738"",""qoh"":""3"",""backorder"":""0"",""componentQoh"":""0"",""componentBackorder"":""0"",""reorderPoint"":""0"",""reorderLevel"":""0"",""timeStamp"":""2019-03-01T15:25:55+00:00"",""itemID"":""369"",""shopID"":""1""},{""itemShopID"":""739"",""qoh"":""3"",""backorder"":""0"",""componentQoh"":""0"",""componentBackorder"":""0"",""reorderPoint"":""0"",""reorderLevel"":""0"",""timeStamp"":""2019-03-01T15:25:55+00:00"",""itemID"":""369"",""shopID"":""0""}]}","{""ItemPrice"":[{""amount"":""60"",""useTypeID"":""1"",""useType"":""Default""},{""amount"":""0"",""useTypeID"":""2"",""useType"":""MSRP""}]}"
"370","210000000370","24.64","24.64","false","true","false","default","false","AdV Simple Soup Bowl | Small","0","","","TBLTP- 10006","ASCSMP1","2015-10-05T16:24:10+00:00","2018-11-27T17:27:17+00:00","false","243","2","0","0","0","0","26","{""ItemShop"":[{""itemShopID"":""740"",""qoh"":""10"",""backorder"":""0"",""componentQoh"":""0"",""componentBackorder"":""0"",""reorderPoint"":""0"",""reorderLevel"":""0"",""timeStamp"":""2018-11-27T17:27:17+00:00"",""itemID"":""370"",""shopID"":""1""},{""itemShopID"":""741"",""qoh"":""10"",""backorder"":""0"",""componentQoh"":""0"",""componentBackorder"":""0"",""reorderPoint"":""0"",""reorderLevel"":""0"",""timeStamp"":""2017-06-16T16:55:13+00:00"",""itemID"":""370"",""shopID"":""0""}]}","{""ItemPrice"":[{""amount"":""60"",""useTypeID"":""1"",""useType"":""Default""},{""amount"":""0"",""useTypeID"":""2"",""useType"":""MSRP""}]}"
"371","210000000371","21.28","21.28","false","true","false","default","false","AdV Adelaide Saucer | Large Spheres","0","","","TBLTP- 10007","SSCADL2","2015-10-05T16:24:10+00:00","2018-11-27T18:05:22+00:00","false","243","2","0","0","0","0","26","{""ItemShop"":[{""itemShopID"":""742"",""qoh"":""5"",""backorder"":""0"",""componentQoh"":""0"",""componentBackorder"":""0"",""reorderPoint"":""0"",""reorderLevel"":""0"",""timeStamp"":""2018-11-27T18:05:22+00:00"",""itemID"":""371"",""shopID"":""1""},{""itemShopID"":""743"",""qoh"":""5"",""backorder"":""0"",""componentQoh"":""0"",""componentBackorder"":""0"",""reorderPoint"":""0"",""reorderLevel"":""0"",""timeStamp"":""2017-01-16T16:51:24+00:00"",""itemID"":""371"",""shopID"":""0""}]}","{""ItemPrice"":[{""amount"":""65"",""useTypeID"":""1"",""useType"":""Default""},{""amount"":""0"",""useTypeID"":""2"",""useType"":""MSRP""}]}"
"372","210000000372","25.76","25.76","false","true","false","default","false","AdV Colbert Saucer","0","","","TBLTP- 10008","CPBCLB3","2015-10-05T16:24:11+00:00","2018-11-27T18:07:57+00:00","false","243","2","0","0","0","0","26","{""ItemShop"":[{""itemShopID"":""744"",""qoh"":""1"",""backorder"":""0"",""componentQoh"":""0"",""componentBackorder"":""0"",""reorderPoint"":""0"",""reorderLevel"":""0"",""timeStamp"":""2018-11-27T18:07:56+00:00"",""itemID"":""372"",""shopID"":""1""},{""itemShopID"":""745"",""qoh"":""1"",""backorder"":""0"",""componentQoh"":""0"",""componentBackorder"":""0"",""reorderPoint"":""0"",""reorderLevel"":""0"",""timeStamp"":""2018-10-16T19:27:34+00:00"",""itemID"":""372"",""shopID"":""0""}]}","{""ItemPrice"":[{""amount"":""70"",""useTypeID"":""1"",""useType"":""Default""},{""amount"":""0"",""useTypeID"":""2"",""useType"":""MSRP""}]}"
"373","210000000373","24.64","24.64","false","true","false","default","false","AdV Colbert Dish | Small","0","","","TBLTP- 10009","CPBCLB1","2015-10-05T16:24:11+00:00","2018-11-27T17:27:22+00:00","false","243","2","0","0","0","0","26","{""ItemShop"":[{""itemShopID"":""746"",""qoh"":""3"",""backorder"":""0"",""componentQoh"":""0"",""componentBackorder"":""0"",""reorderPoint"":""0"",""reorderLevel"":""0"",""timeStamp"":""2018-11-27T17:27:21+00:00"",""itemID"":""373"",""shopID"":""1""},{""itemShopID"":""747"",""qoh"":""3"",""backorder"":""0"",""componentQoh"":""0"",""componentBackorder"":""0"",""reorderPoint"":""0"",""reorderLevel"":""0"",""timeStamp"":""2017-12-17T21:01:27+00:00"",""itemID"":""373"",""shopID"":""0""}]}","{""ItemPrice"":[{""amount"":""60"",""useTypeID"":""1"",""useType"":""Default""},{""amount"":""0"",""useTypeID"":""2"",""useType"":""MSRP""}]}"
"374","210000000374","25.76","30.4625","false","true","false","default","false","AdV JD Deep Heart Saucer","0","","","TBLTP- 10010","SSCJHN10","2015-10-05T16:24:11+00:00","2019-02-21T20:23:20+00:00","false","243","2","0","0","0","0","26","{""ItemShop"":[{""itemShopID"":""748"",""qoh"":""4"",""backorder"":""0"",""componentQoh"":""0"",""componentBackorder"":""0"",""reorderPoint"":""0"",""reorderLevel"":""0"",""timeStamp"":""2019-02-25T18:28:12+00:00"",""itemID"":""374"",""shopID"":""1""},{""itemShopID"":""749"",""qoh"":""4"",""backorder"":""0"",""componentQoh"":""0"",""componentBackorder"":""0"",""reorderPoint"":""0"",""reorderLevel"":""0"",""timeStamp"":""2019-02-25T18:28:12+00:00"",""itemID"":""374"",""shopID"":""0""}]}","{""ItemPrice"":[{""amount"":""75"",""useTypeID"":""1"",""useType"":""Default""},{""amount"":""0"",""useTypeID"":""2"",""useType"":""MSRP""}]}"
"376","210000000376","26.88","26.88","false","true","false","default","false","AdV JD Love Saucer","0","","","TBLTP- 10012","SSCJHN5","2015-10-05T16:24:12+00:00","2018-11-27T18:18:27+00:00","false","243","2","0","0","0","0","26","{""ItemShop"":[{""itemShopID"":""752"",""qoh"":""4"",""backorder"":""0"",""componentQoh"":""0"",""componentBackorder"":""0"",""reorderPoint"":""0"",""reorderLevel"":""0"",""timeStamp"":""2018-11-27T18:18:27+00:00"",""itemID"":""376"",""shopID"":""1""},{""itemShopID"":""753"",""qoh"":""4"",""backorder"":""0"",""componentQoh"":""0"",""componentBackorder"":""0"",""reorderPoint"":""0"",""reorderLevel"":""0"",""timeStamp"":""2016-05-23T20:45:31+00:00"",""itemID"":""376"",""shopID"":""0""}]}","{""ItemPrice"":[{""amount"":""75"",""useTypeID"":""1"",""useType"":""Default""},{""amount"":""0"",""useTypeID"":""2"",""useType"":""MSRP""}]}"
"377","210000000377","28","28","false","true","false","default","false","AdV JD Rose and Insect Saucer","0","","","TBLTP- 10013","SSCJHN2","2015-10-05T16:24:12+00:00","2019-01-06T18:53:48+00:00","false","243","2","0","0","0","0","26","{""ItemShop"":[{""itemShopID"":""754"",""qoh"":""1"",""backorder"":""0"",""componentQoh"":""0"",""componentBackorder"":""0"",""reorderPoint"":""0"",""reorderLevel"":""0"",""timeStamp"":""2019-01-06T18:53:48+00:00"",""itemID"":""377"",""shopID"":""1""},{""itemShopID"":""755"",""qoh"":""1"",""backorder"":""0"",""componentQoh"":""0"",""componentBackorder"":""0"",""reorderPoint"":""0"",""reorderLevel"":""0"",""timeStamp"":""2019-01-06T18:53:48+00:00"",""itemID"":""377"",""shopID"":""0""}]}","{""ItemPrice"":[{""amount"":""72"",""useTypeID"":""1"",""useType"":""Default""},{""amount"":""0"",""useTypeID"":""2"",""useType"":""MSRP""}]}"
"378","210000000378","35.84","35.84","false","true","false","default","false","AdV JD Crescent Moon Saucer","0","","","TBLTP- 10014","ASPJHN0","2015-10-05T16:24:12+00:00","2018-11-27T20:12:10+00:00","false","243","2","0","0","0","0","26","{""ItemShop"":[{""itemShopID"":""756"",""qoh"":""3"",""backorder"":""0"",""componentQoh"":""0"",""componentBackorder"":""0"",""reorderPoint"":""0"",""reorderLevel"":""0"",""timeStamp"":""2018-11-27T20:12:09+00:00"",""itemID"":""378"",""shopID"":""1""},{""itemShopID"":""757"",""qoh"":""3"",""backorder"":""0"",""componentQoh"":""0"",""componentBackorder"":""0"",""reorderPoint"":""0"",""reorderLevel"":""0"",""timeStamp"":""2016-04-04T18:03:37+00:00"",""itemID"":""378"",""shopID"":""0""}]}","{""ItemPrice"":[{""amount"":""95"",""useTypeID"":""1"",""useType"":""Default""},{""amount"":""0"",""useTypeID"":""2"",""useType"":""MSRP""}]}"
"380","210000000380","26.88","26.88","false","true","false","default","false","AdV JD Happy Plate","0","","","TBLTP- 10016","ASPJHN15","2015-10-05T16:24:13+00:00","2018-11-27T18:12:39+00:00","false","243","2","0","0","0","0","26","{""ItemShop"":[{""itemShopID"":""760"",""qoh"":""3"",""backorder"":""0"",""componentQoh"":""0"",""componentBackorder"":""0"",""reorderPoint"":""0"",""reorderLevel"":""0"",""timeStamp"":""2018-11-27T18:12:39+00:00"",""itemID"":""380"",""shopID"":""1""},{""itemShopID"":""761"",""qoh"":""3"",""backorder"":""0"",""componentQoh"":""0"",""componentBackorder"":""0"",""reorderPoint"":""0"",""reorderLevel"":""0"",""timeStamp"":""2017-12-20T22:21:24+00:00"",""itemID"":""380"",""shopID"":""0""}]}","{""ItemPrice"":[{""amount"":""75"",""useTypeID"":""1"",""useType"":""Default""},{""amount"":""0"",""useTypeID"":""2"",""useType"":""MSRP""}]}"
"381","210000000381","26.88","26.88","false","true","false","default","false","AdV Simple Soup Plate | Large","0","","","TBLTP- 10017","ASCSMP3","2015-10-05T16:24:13+00:00","2018-12-17T16:37:40+00:00","false","243","2","0","0","0","0","26","{""ItemShop"":[{""itemShopID"":""762"",""qoh"":""11"",""backorder"":""0"",""componentQoh"":""0"",""componentBackorder"":""0"",""reorderPoint"":""0"",""reorderLevel"":""0"",""timeStamp"":""2019-01-06T18:53:48+00:00"",""itemID"":""381"",""shopID"":""1""},{""itemShopID"":""763"",""qoh"":""11"",""backorder"":""0"",""componentQoh"":""0"",""componentBackorder"":""0"",""reorderPoint"":""0"",""reorderLevel"":""0"",""timeStamp"":""2019-01-06T18:53:48+00:00"",""itemID"":""381"",""shopID"":""0""}]}","{""ItemPrice"":[{""amount"":""75"",""useTypeID"":""1"",""useType"":""Default""},{""amount"":""0"",""useTypeID"":""2"",""useType"":""MSRP""}]}"
"382","210000000382","23.52","23.52","false","true","false","default","false","AdV Little Heart Peggy Dish","0","","","TBLTP- 10018","CPBPGG01","2015-10-05T16:24:14+00:00","2018-11-27T18:19:47+00:00","false","243","2","0","0","0","0","26","{""ItemShop"":[{""itemShopID"":""764"",""qoh"":""2"",""backorder"":""0"",""componentQoh"":""0"",""componentBackorder"":""0"",""reorderPoint"":""0"",""reorderLevel"":""0"",""timeStamp"":""2018-11-27T18:19:47+00:00"",""itemID"":""382"",""shopID"":""1""},{""itemShopID"":""765"",""qoh"":""2"",""backorder"":""0"",""componentQoh"":""0"",""componentBackorder"":""0"",""reorderPoint"":""0"",""reorderLevel"":""0"",""timeStamp"":""2017-12-27T22:23:51+00:00"",""itemID"":""382"",""shopID"":""0""}]}","{""ItemPrice"":[{""amount"":""78"",""useTypeID"":""1"",""useType"":""Default""},{""amount"":""0"",""useTypeID"":""2"",""useType"":""MSRP""}]}"
"383","210000000383","25.76","25.76","false","true","false","default","false","AdV JD Deep Beetle Saucer","0","","","TBLTP- 10019","SSCJHN11","2015-10-05T16:24:14+00:00","2018-11-27T18:20:26+00:00","false","243","2","0","0","0","0","26","{""ItemShop"":[{""itemShopID"":""766"",""qoh"":""2"",""backorder"":""0"",""componentQoh"":""0"",""componentBackorder"":""0"",""reorderPoint"":""0"",""reorderLevel"":""0"",""timeStamp"":""2018-11-27T18:20:25+00:00"",""itemID"":""383"",""shopID"":""1""},{""itemShopID"":""767"",""qoh"":""2"",""backorder"":""0"",""componentQoh"":""0"",""componentBackorder"":""0"",""reorderPoint"":""0"",""reorderLevel"":""0"",""timeStamp"":""2017-07-15T17:49:06+00:00"",""itemID"":""383"",""shopID"":""0""}]}","{""ItemPrice"":[{""amount"":""80"",""useTypeID"":""1"",""useType"":""Default""},{""amount"":""0"",""useTypeID"":""2"",""useType"":""MSRP""}]}"
"385","210000000385","29.12","29.12","false","true","false","default","false","AdV Adelaide Soup Plate | Small","0","","","TBLTP- 10021","ASCADL1","2015-10-05T16:24:15+00:00","2018-11-27T18:20:37+00:00","false","243","2","0","0","0","0","26","{""ItemShop"":[{""itemShopID"":""770"",""qoh"":""7"",""backorder"":""0"",""componentQoh"":""0"",""componentBackorder"":""0"",""reorderPoint"":""0"",""reorderLevel"":""0"",""timeStamp"":""2018-11-27T18:20:37+00:00"",""itemID"":""385"",""shopID"":""1""},{""itemShopID"":""771"",""qoh"":""7"",""backorder"":""0"",""componentQoh"":""0"",""componentBackorder"":""0"",""reorderPoint"":""0"",""reorderLevel"":""0"",""timeStamp"":""2018-07-30T18:41:57+00:00"",""itemID"":""385"",""shopID"":""0""}]}","{""ItemPrice"":[{""amount"":""80"",""useTypeID"":""1"",""useType"":""Default""},{""amount"":""0"",""useTypeID"":""2"",""useType"":""MSRP""}]}"
"386","210000000386","29.12","29.12","false","true","false","default","false","AdV JD Apple Saucer","0","","","TBLTP- 10022","SSCJHN4","2015-10-05T16:24:15+00:00","2018-11-27T18:20:52+00:00","false","243","2","0","0","0","0","26","{""ItemShop"":[{""itemShopID"":""772"",""qoh"":""4"",""backorder"":""0"",""componentQoh"":""0"",""componentBackorder"":""0"",""reorderPoint"":""0"",""reorderLevel"":""0"",""timeStamp"":""2018-11-27T18:20:51+00:00"",""itemID"":""386"",""shopID"":""1""},{""itemShopID"":""773"",""qoh"":""4"",""backorder"":""0"",""componentQoh"":""0"",""componentBackorder"":""0"",""reorderPoint"":""0"",""reorderLevel"":""0"",""timeStamp"":""2015-10-05T16:24:15+00:00"",""itemID"":""386"",""shopID"":""0""}]}","{""ItemPrice"":[{""amount"":""80"",""useTypeID"":""1"",""useType"":""Default""},{""amount"":""0"",""useTypeID"":""2"",""useType"":""MSRP""}]}"
"388","210000000388","31.36","0","false","true","false","default","false","AdV Simple Salad Bowl | Tiny","0","","","TBLTP- 10024","CPBSMP10","2015-10-05T16:24:15+00:00","2019-02-25T21:22:38+00:00","false","243","2","0","0","0","0","26","{""ItemShop"":[{""itemShopID"":""776"",""qoh"":""0"",""backorder"":""0"",""componentQoh"":""0"",""componentBackorder"":""0"",""reorderPoint"":""0"",""reorderLevel"":""0"",""timeStamp"":""2019-02-25T18:28:11+00:00"",""itemID"":""388"",""shopID"":""1""},{""itemShopID"":""777"",""qoh"":""0"",""backorder"":""0"",""componentQoh"":""0"",""componentBackorder"":""0"",""reorderPoint"":""0"",""reorderLevel"":""0"",""timeStamp"":""2019-02-25T18:28:11+00:00"",""itemID"":""388"",""shopID"":""0""}]}","{""ItemPrice"":[{""amount"":""80"",""useTypeID"":""1"",""useType"":""Default""},{""amount"":""0"",""useTypeID"":""2"",""useType"":""MSRP""}]}"
"390","210000000390","34.72","34.72","true","true","false","default","false","AdV Adelaide Coffee Cup","0","","","TBLTP- 10026","TSSADL1","2015-10-05T16:24:16+00:00","2018-07-30T18:41:48+00:00","false","243","2","0","0","0","0","26","{""ItemShop"":[{""itemShopID"":""780"",""qoh"":""2"",""backorder"":""0"",""componentQoh"":""0"",""componentBackorder"":""0"",""reorderPoint"":""0"",""reorderLevel"":""0"",""timeStamp"":""2018-07-30T18:41:48+00:00"",""itemID"":""390"",""shopID"":""1""},{""itemShopID"":""781"",""qoh"":""2"",""backorder"":""0"",""componentQoh"":""0"",""componentBackorder"":""0"",""reorderPoint"":""0"",""reorderLevel"":""0"",""timeStamp"":""2018-07-30T18:41:48+00:00"",""itemID"":""390"",""shopID"":""0""}]}","{""ItemPrice"":[{""amount"":""105"",""useTypeID"":""1"",""useType"":""Default""},{""amount"":""0"",""useTypeID"":""2"",""useType"":""MSRP""}]}"
"391","210000000391","28","28","false","true","false","default","false","AdV Simple Dinner Plate","0","","","TBLTP- 10027","ASPSMP3","2015-10-05T16:24:16+00:00","2018-11-27T20:09:40+00:00","false","243","2","0","0","0","0","26","{""ItemShop"":[{""itemShopID"":""782"",""qoh"":""11"",""backorder"":""0"",""componentQoh"":""0"",""componentBackorder"":""0"",""reorderPoint"":""0"",""reorderLevel"":""0"",""timeStamp"":""2018-11-27T20:09:40+00:00"",""itemID"":""391"",""shopID"":""1""},{""itemShopID"":""783"",""qoh"":""11"",""backorder"":""0"",""componentQoh"":""0"",""componentBackorder"":""0"",""reorderPoint"":""0"",""reorderLevel"":""0"",""timeStamp"":""2018-09-27T16:57:16+00:00"",""itemID"":""391"",""shopID"":""0""}]}","{""ItemPrice"":[{""amount"":""86"",""useTypeID"":""1"",""useType"":""Default""},{""amount"":""0"",""useTypeID"":""2"",""useType"":""MSRP""}]}"
"392","210000000392","28","28","false","true","false","default","false","AdV Grand Chalet Dinner Plate | Small","0","","","TBLTP- 10028","ASPGCH10","2015-10-05T16:24:17+00:00","2019-01-03T16:11:20+00:00","false","243","2","0","0","0","0","26","{""ItemShop"":[{""itemShopID"":""784"",""qoh"":""6"",""backorder"":""0"",""componentQoh"":""0"",""componentBackorder"":""0"",""reorderPoint"":""0"",""reorderLevel"":""0"",""timeStamp"":""2019-01-03T16:11:19+00:00"",""itemID"":""392"",""shopID"":""1""},{""itemShopID"":""785"",""qoh"":""6"",""backorder"":""0"",""componentQoh"":""0"",""componentBackorder"":""0"",""reorderPoint"":""0"",""reorderLevel"":""0"",""timeStamp"":""2015-10-05T16:24:17+00:00"",""itemID"":""392"",""shopID"":""0""}]}","{""ItemPrice"":[{""amount"":""90"",""useTypeID"":""1"",""useType"":""Default""},{""amount"":""0"",""useTypeID"":""2"",""useType"":""MSRP""}]}"
"393","210000000393","29.12","29.12","false","true","false","default","false","AdV JD Dragonfly Plate","0","","","TBLTP- 10029","ASCJHN2","2015-10-05T16:24:17+00:00","2018-11-27T20:10:18+00:00","false","243","2","0","0","0","0","26","{""ItemShop"":[{""itemShopID"":""786"",""qoh"":""1"",""backorder"":""0"",""componentQoh"":""0"",""componentBackorder"":""0"",""reorderPoint"":""0"",""reorderLevel"":""0"",""timeStamp"":""2019-03-21T20:55:34+00:00"",""itemID"":""393"",""shopID"":""1""},{""itemShopID"":""787"",""qoh"":""1"",""backorder"":""0"",""componentQoh"":""0"",""componentBackorder"":""0"",""reorderPoint"":""0"",""reorderLevel"":""0"",""timeStamp"":""2019-03-21T20:55:34+00:00"",""itemID"":""393"",""shopID"":""0""}]}","{""ItemPrice"":[{""amount"":""90"",""useTypeID"":""1"",""useType"":""Default""},{""amount"":""0"",""useTypeID"":""2"",""useType"":""MSRP""}]}"
"394","210000000394","29.12","29.12","false","true","false","default","false","AdV JD Ladybug Small Bowl","0","","","TBLTP- 10030","ASCJHN1","2015-10-05T16:24:17+00:00","2018-11-27T20:10:26+00:00","false","243","2","0","0","0","0","26","{""ItemShop"":[{""itemShopID"":""788"",""qoh"":""1"",""backorder"":""0"",""componentQoh"":""0"",""componentBackorder"":""0"",""reorderPoint"":""0"",""reorderLevel"":""0"",""timeStamp"":""2018-11-27T20:10:25+00:00"",""itemID"":""394"",""shopID"":""1""},{""itemShopID"":""789"",""qoh"":""1"",""backorder"":""0"",""componentQoh"":""0"",""componentBackorder"":""0"",""reorderPoint"":""0"",""reorderLevel"":""0"",""timeStamp"":""2018-03-24T19:22:37+00:00"",""itemID"":""394"",""shopID"":""0""}]}","{""ItemPrice"":[{""amount"":""90"",""useTypeID"":""1"",""useType"":""Default""},{""amount"":""0"",""useTypeID"":""2"",""useType"":""MSRP""}]}"
"396","210000000396","29.12","32.03","false","true","false","default","false","AdV Simple Small Bowl","0","","","TBLTP- 10032","CPBSMP0","2015-10-05T16:24:18+00:00","2019-02-21T20:23:44+00:00","false","243","2","0","0","0","0","26","{""ItemShop"":[{""itemShopID"":""792"",""qoh"":""6"",""backorder"":""0"",""componentQoh"":""0"",""componentBackorder"":""0"",""reorderPoint"":""0"",""reorderLevel"":""0"",""timeStamp"":""2019-02-25T18:28:12+00:00"",""itemID"":""396"",""shopID"":""1""},{""itemShopID"":""793"",""qoh"":""6"",""backorder"":""0"",""componentQoh"":""0"",""componentBackorder"":""0"",""reorderPoint"":""0"",""reorderLevel"":""0"",""timeStamp"":""2019-02-25T18:28:12+00:00"",""itemID"":""396"",""shopID"":""0""}]}","{""ItemPrice"":[{""amount"":""80"",""useTypeID"":""1"",""useType"":""Default""},{""amount"":""0"",""useTypeID"":""2"",""useType"":""MSRP""}]}"
"397","210000000397","32.48","33.751428571","false","true","false","default","false","AdV Adelaide Soup Plate | Medium","0","","","TBLTP- 10033","ASCADL2","2015-10-05T16:24:18+00:00","2018-11-27T20:10:31+00:00","false","243","2","0","0","0","0","26","{""ItemShop"":[{""itemShopID"":""794"",""qoh"":""12"",""backorder"":""0"",""componentQoh"":""0"",""componentBackorder"":""0"",""reorderPoint"":""0"",""reorderLevel"":""0"",""timeStamp"":""2019-01-06T18:53:48+00:00"",""itemID"":""397"",""shopID"":""1""},{""itemShopID"":""795"",""qoh"":""12"",""backorder"":""0"",""componentQoh"":""0"",""componentBackorder"":""0"",""reorderPoint"":""0"",""reorderLevel"":""0"",""timeStamp"":""2019-01-06T18:53:48+00:00"",""itemID"":""397"",""shopID"":""0""}]}","{""ItemPrice"":[{""amount"":""90"",""useTypeID"":""1"",""useType"":""Default""},{""amount"":""0"",""useTypeID"":""2"",""useType"":""MSRP""}]}"
"400","210000000400","31.36","31.36","false","true","false","default","false","AdV JD Blue Butterfly Plate","0","","","TBLTP- 10036","ASPJHN11","2015-10-05T16:24:19+00:00","2019-03-21T20:55:33+00:00","false","243","2","0","0","0","0","26","{""ItemShop"":[{""itemShopID"":""800"",""qoh"":""1"",""backorder"":""0"",""componentQoh"":""0"",""componentBackorder"":""0"",""reorderPoint"":""0"",""reorderLevel"":""0"",""timeStamp"":""2019-03-21T20:55:33+00:00"",""itemID"":""400"",""shopID"":""1""},{""itemShopID"":""801"",""qoh"":""1"",""backorder"":""0"",""componentQoh"":""0"",""componentBackorder"":""0"",""reorderPoint"":""0"",""reorderLevel"":""0"",""timeStamp"":""2019-03-21T20:55:33+00:00"",""itemID"":""400"",""shopID"":""0""}]}","{""ItemPrice"":[{""amount"":""92"",""useTypeID"":""1"",""useType"":""Default""},{""amount"":""0"",""useTypeID"":""2"",""useType"":""MSRP""}]}"
"402","210000000402","33.6","33.6","false","true","false","default","false","AdV JD Candleholder Dinner Plate","0","","","TBLTP- 10038","ASPJHN3","2015-10-05T16:24:19+00:00","2018-11-27T20:11:41+00:00","false","243","2","0","0","0","0","26","{""ItemShop"":[{""itemShopID"":""804"",""qoh"":""3"",""backorder"":""0"",""componentQoh"":""0"",""componentBackorder"":""0"",""reorderPoint"":""0"",""reorderLevel"":""0"",""timeStamp"":""2018-11-27T20:11:40+00:00"",""itemID"":""402"",""shopID"":""1""},{""itemShopID"":""805"",""qoh"":""3"",""backorder"":""0"",""componentQoh"":""0"",""componentBackorder"":""0"",""reorderPoint"":""0"",""reorderLevel"":""0"",""timeStamp"":""2016-10-07T16:44:55+00:00"",""itemID"":""402"",""shopID"":""0""}]}","{""ItemPrice"":[{""amount"":""92"",""useTypeID"":""1"",""useType"":""Default""},{""amount"":""0"",""useTypeID"":""2"",""useType"":""MSRP""}]}"
"403","210000000403","31.36","31.36","false","true","false","default","false","AdV Simple Bowl","0","","","TBLTP- 10039","CPBSMP1","2015-10-05T16:24:20+00:00","2018-11-27T20:10:36+00:00","false","243","2","0","0","0","0","26","{""ItemShop"":[{""itemShopID"":""806"",""qoh"":""4"",""backorder"":""0"",""componentQoh"":""0"",""componentBackorder"":""0"",""reorderPoint"":""0"",""reorderLevel"":""0"",""timeStamp"":""2018-11-27T20:10:36+00:00"",""itemID"":""403"",""shopID"":""1""},{""itemShopID"":""807"",""qoh"":""4"",""backorder"":""0"",""componentQoh"":""0"",""componentBackorder"":""0"",""reorderPoint"":""0"",""reorderLevel"":""0"",""timeStamp"":""2016-06-09T17:20:25+00:00"",""itemID"":""403"",""shopID"":""0""}]}","{""ItemPrice"":[{""amount"":""90"",""useTypeID"":""1"",""useType"":""Default""},{""amount"":""0"",""useTypeID"":""2"",""useType"":""MSRP""}]}"
"404","210000000404","31.36","31.36","false","true","false","default","false","AdV Grand Chalet Soup Plate","0","","","TBLTP- 10040","ASCGCH10","2015-10-05T16:24:20+00:00","2018-11-27T20:12:14+00:00","false","243","2","0","0","0","0","26","{""ItemShop"":[{""itemShopID"":""808"",""qoh"":""4"",""backorder"":""0"",""componentQoh"":""0"",""componentBackorder"":""0"",""reorderPoint"":""0"",""reorderLevel"":""0"",""timeStamp"":""2018-11-27T20:12:14+00:00"",""itemID"":""404"",""shopID"":""1""},{""itemShopID"":""809"",""qoh"":""4"",""backorder"":""0"",""componentQoh"":""0"",""componentBackorder"":""0"",""reorderPoint"":""0"",""reorderLevel"":""0"",""timeStamp"":""2017-12-16T20:34:03+00:00"",""itemID"":""404"",""shopID"":""0""}]}","{""ItemPrice"":[{""amount"":""95"",""useTypeID"":""1"",""useType"":""Default""},{""amount"":""0"",""useTypeID"":""2"",""useType"":""MSRP""}]}"
"405","210000000405","33.6","33.6","false","true","false","default","false","AdV Adelaide Side Plate","0","","","TBLTP- 10041","ASPADL1","2015-10-05T16:24:20+00:00","2018-11-27T18:21:12+00:00","false","243","2","0","0","0","0","26","{""ItemShop"":[{""itemShopID"":""810"",""qoh"":""3"",""backorder"":""0"",""componentQoh"":""0"",""componentBackorder"":""0"",""reorderPoint"":""0"",""reorderLevel"":""0"",""timeStamp"":""2018-11-27T18:21:12+00:00"",""itemID"":""405"",""shopID"":""1""},{""itemShopID"":""811"",""qoh"":""3"",""backorder"":""0"",""componentQoh"":""0"",""componentBackorder"":""0"",""reorderPoint"":""0"",""reorderLevel"":""0"",""timeStamp"":""2018-01-28T20:14:30+00:00"",""itemID"":""405"",""shopID"":""0""}]}","{""ItemPrice"":[{""amount"":""80"",""useTypeID"":""1"",""useType"":""Default""},{""amount"":""0"",""useTypeID"":""2"",""useType"":""MSRP""}]}"
"406","210000000406","34.72","34.72","false","true","false","default","false","AdV Adelaide Salad Bowl | Tiny","0","","","TBLTP- 10042","CPBADL0","2015-10-05T16:24:21+00:00","2018-11-27T20:12:19+00:00","false","243","2","0","0","0","0","26","{""ItemShop"":[{""itemShopID"":""812"",""qoh"":""1"",""backorder"":""0"",""componentQoh"":""0"",""componentBackorder"":""0"",""reorderPoint"":""0"",""reorderLevel"":""0"",""timeStamp"":""2018-11-27T20:12:19+00:00"",""itemID"":""406"",""shopID"":""1""},{""itemShopID"":""813"",""qoh"":""1"",""backorder"":""0"",""componentQoh"":""0"",""componentBackorder"":""0"",""reorderPoint"":""0"",""reorderLevel"":""0"",""timeStamp"":""2018-09-20T19:29:31+00:00"",""itemID"":""406"",""shopID"":""0""}]}","{""ItemPrice"":[{""amount"":""95"",""useTypeID"":""1"",""useType"":""Default""},{""amount"":""0"",""useTypeID"":""2"",""useType"":""MSRP""}]}"
"414","210000000414","39.2","39.2","true","true","false","default","false","AdV Grand Chalet Dinner Plate | Large","0","","","TBLTP- 10050","ASPGCH30","2015-10-05T16:24:23+00:00","2018-04-19T15:00:10+00:00","false","243","2","0","0","0","0","26","{""ItemShop"":[{""itemShopID"":""828"",""qoh"":""4"",""backorder"":""0"",""componentQoh"":""0"",""componentBackorder"":""0"",""reorderPoint"":""0"",""reorderLevel"":""0"",""timeStamp"":""2018-04-19T15:00:10+00:00"",""itemID"":""414"",""shopID"":""1""},{""itemShopID"":""829"",""qoh"":""4"",""backorder"":""0"",""componentQoh"":""0"",""componentBackorder"":""0"",""reorderPoint"":""0"",""reorderLevel"":""0"",""timeStamp"":""2017-12-16T20:34:02+00:00"",""itemID"":""414"",""shopID"":""0""}]}","{""ItemPrice"":[{""amount"":""105"",""useTypeID"":""1"",""useType"":""Default""},{""amount"":""0"",""useTypeID"":""2"",""useType"":""MSRP""}]}"
"415","210000000415","42.56","42.56","true","true","false","default","false","AdV JD Fork Platter","0","","","TBLTP- 10051","PLTJHN01","2015-10-05T16:24:23+00:00","2018-04-19T15:11:04+00:00","false","243","2","0","0","0","0","26","{""ItemShop"":[{""itemShopID"":""830"",""qoh"":""2"",""backorder"":""0"",""componentQoh"":""0"",""componentBackorder"":""0"",""reorderPoint"":""0"",""reorderLevel"":""0"",""timeStamp"":""2018-04-19T15:11:04+00:00"",""itemID"":""415"",""shopID"":""1""},{""itemShopID"":""831"",""qoh"":""2"",""backorder"":""0"",""componentQoh"":""0"",""componentBackorder"":""0"",""reorderPoint"":""0"",""reorderLevel"":""0"",""timeStamp"":""2018-04-11T14:38:35+00:00"",""itemID"":""415"",""shopID"":""0""}]}","{""ItemPrice"":[{""amount"":""110"",""useTypeID"":""1"",""useType"":""Default""},{""amount"":""0"",""useTypeID"":""2"",""useType"":""MSRP""}]}"
"416","210000000416","42.56","42.56","true","true","false","default","false","AdV JD Knife Platter","0","","","TBLTP- 10052","PLTJHN02","2015-10-05T16:24:24+00:00","2018-07-30T18:49:42+00:00","false","243","2","0","0","0","0","26","{""ItemShop"":[{""itemShopID"":""832"",""qoh"":""2"",""backorder"":""0"",""componentQoh"":""0"",""componentBackorder"":""0"",""reorderPoint"":""0"",""reorderLevel"":""0"",""timeStamp"":""2018-07-30T18:49:42+00:00"",""itemID"":""416"",""shopID"":""1""},{""itemShopID"":""833"",""qoh"":""2"",""backorder"":""0"",""componentQoh"":""0"",""componentBackorder"":""0"",""reorderPoint"":""0"",""reorderLevel"":""0"",""timeStamp"":""2018-07-30T18:49:42+00:00"",""itemID"":""416"",""shopID"":""0""}]}","{""ItemPrice"":[{""amount"":""110"",""useTypeID"":""1"",""useType"":""Default""},{""amount"":""0"",""useTypeID"":""2"",""useType"":""MSRP""}]}"
"417","210000000417","42.56","42.56","true","true","false","default","false","AdV JD Spoon Platter","0","","","TBLTP- 10053","PLTJHN03","2015-10-05T16:24:24+00:00","2018-04-19T15:20:46+00:00","false","243","2","0","0","0","0","26","{""ItemShop"":[{""itemShopID"":""834"",""qoh"":""1"",""backorder"":""0"",""componentQoh"":""0"",""componentBackorder"":""0"",""reorderPoint"":""0"",""reorderLevel"":""0"",""timeStamp"":""2018-07-30T18:49:39+00:00"",""itemID"":""417"",""shopID"":""1""},{""itemShopID"":""835"",""qoh"":""1"",""backorder"":""0"",""componentQoh"":""0"",""componentBackorder"":""0"",""reorderPoint"":""0"",""reorderLevel"":""0"",""timeStamp"":""2018-07-30T18:49:39+00:00"",""itemID"":""417"",""shopID"":""0""}]}","{""ItemPrice"":[{""amount"":""110"",""useTypeID"":""1"",""useType"":""Default""},{""amount"":""0"",""useTypeID"":""2"",""useType"":""MSRP""}]}"
"418","210000000418","51.52","51.52","true","true","false","default","false","AdV Adelaide Deep Platter | Medium","0","","","TBLTP- 10054","PLTADL2","2015-10-05T16:24:24+00:00","2018-12-05T21:19:19+00:00","false","243","2","0","0","0","0","33","{""ItemShop"":[{""itemShopID"":""836"",""qoh"":""2"",""backorder"":""0"",""componentQoh"":""0"",""componentBackorder"":""0"",""reorderPoint"":""0"",""reorderLevel"":""0"",""timeStamp"":""2018-05-21T15:38:11+00:00"",""itemID"":""418"",""shopID"":""1""},{""itemShopID"":""837"",""qoh"":""2"",""backorder"":""0"",""componentQoh"":""0"",""componentBackorder"":""0"",""reorderPoint"":""0"",""reorderLevel"":""0"",""timeStamp"":""2017-11-24T16:54:52+00:00"",""itemID"":""418"",""shopID"":""0""}]}","{""ItemPrice"":[{""amount"":""125"",""useTypeID"":""1"",""useType"":""Default""},{""amount"":""0"",""useTypeID"":""2"",""useType"":""MSRP""}]}"
"419","210000000419","40.58","38.08","true","true","false","default","false","AdV Simple Chocolate Cup","0","","","TBLTP- 10055","TSSSMP3","2015-10-05T16:24:25+00:00","2018-09-27T14:35:10+00:00","false","243","2","0","0","0","0","26","{""ItemShop"":[{""itemShopID"":""838"",""qoh"":""4"",""backorder"":""0"",""componentQoh"":""0"",""componentBackorder"":""0"",""reorderPoint"":""0"",""reorderLevel"":""0"",""timeStamp"":""2018-09-27T14:35:10+00:00"",""itemID"":""419"",""shopID"":""1""},{""itemShopID"":""839"",""qoh"":""4"",""backorder"":""0"",""componentQoh"":""0"",""componentBackorder"":""0"",""reorderPoint"":""0"",""reorderLevel"":""0"",""timeStamp"":""2018-09-27T14:35:10+00:00"",""itemID"":""419"",""shopID"":""0""}]}","{""ItemPrice"":[{""amount"":""115"",""useTypeID"":""1"",""useType"":""Default""},{""amount"":""0"",""useTypeID"":""2"",""useType"":""MSRP""}]}"
"420","210000000420","38.08","38.08","true","true","false","default","false","AdV Simple Mug","0","","","TBLTP- 10056","TSSSMP4","2015-10-05T16:24:25+00:00","2019-01-06T18:53:48+00:00","false","121","2","0","0","0","0","26","{""ItemShop"":[{""itemShopID"":""840"",""qoh"":""1"",""backorder"":""0"",""componentQoh"":""0"",""componentBackorder"":""0"",""reorderPoint"":""0"",""reorderLevel"":""0"",""timeStamp"":""2019-01-06T18:53:48+00:00"",""itemID"":""420"",""shopID"":""1""},{""itemShopID"":""841"",""qoh"":""1"",""backorder"":""0"",""componentQoh"":""0"",""componentBackorder"":""0"",""reorderPoint"":""0"",""reorderLevel"":""0"",""timeStamp"":""2019-01-06T18:53:48+00:00"",""itemID"":""420"",""shopID"":""0""}]}","{""ItemPrice"":[{""amount"":""114"",""useTypeID"":""1"",""useType"":""Default""},{""amount"":""0"",""useTypeID"":""2"",""useType"":""MSRP""}]}"
"423","210000000423","44.8","44.8","true","true","false","default","false","AdV JD 2 Beetles Mug","0","","","TBLTP- 10059","TSSJHN23","2015-10-05T16:24:26+00:00","2018-07-21T15:05:59+00:00","false","243","2","0","0","0","0","26","{""ItemShop"":[{""itemShopID"":""846"",""qoh"":""1"",""backorder"":""0"",""componentQoh"":""0"",""componentBackorder"":""0"",""reorderPoint"":""0"",""reorderLevel"":""0"",""timeStamp"":""2018-07-21T15:05:59+00:00"",""itemID"":""423"",""shopID"":""1""},{""itemShopID"":""847"",""qoh"":""1"",""backorder"":""0"",""componentQoh"":""0"",""componentBackorder"":""0"",""reorderPoint"":""0"",""reorderLevel"":""0"",""timeStamp"":""2018-07-21T15:05:59+00:00"",""itemID"":""423"",""shopID"":""0""}]}","{""ItemPrice"":[{""amount"":""120"",""useTypeID"":""1"",""useType"":""Default""},{""amount"":""0"",""useTypeID"":""2"",""useType"":""MSRP""}]}"
"424","210000000424","44.8","44.8","true","true","false","default","false","AdV JD 4 Leaf Clover Mug","0","","","TBLTP- 10060","TSSJHN19","2015-10-05T16:24:26+00:00","2018-07-25T19:21:36+00:00","false","243","2","0","0","0","0","26","{""ItemShop"":[{""itemShopID"":""848"",""qoh"":""1"",""backorder"":""0"",""componentQoh"":""0"",""componentBackorder"":""0"",""reorderPoint"":""0"",""reorderLevel"":""0"",""timeStamp"":""2018-07-25T19:21:36+00:00"",""itemID"":""424"",""shopID"":""1""},{""itemShopID"":""849"",""qoh"":""1"",""backorder"":""0"",""componentQoh"":""0"",""componentBackorder"":""0"",""reorderPoint"":""0"",""reorderLevel"":""0"",""timeStamp"":""2018-07-25T19:21:36+00:00"",""itemID"":""424"",""shopID"":""0""}]}","{""ItemPrice"":[{""amount"":""120"",""useTypeID"":""1"",""useType"":""Default""},{""amount"":""0"",""useTypeID"":""2"",""useType"":""MSRP""}]}"
"425","210000000425","44.8","44.8","true","true","false","default","false","AdV JD Black Clover Mug","0","","","TBLTP- 10061","TSSJHN28","2015-10-05T16:24:26+00:00","2018-04-19T15:06:17+00:00","false","243","2","0","0","0","0","26","{""ItemShop"":[{""itemShopID"":""850"",""qoh"":""4"",""backorder"":""0"",""componentQoh"":""0"",""componentBackorder"":""0"",""reorderPoint"":""0"",""reorderLevel"":""0"",""timeStamp"":""2018-04-19T15:06:17+00:00"",""itemID"":""425"",""shopID"":""1""},{""itemShopID"":""851"",""qoh"":""4"",""backorder"":""0"",""componentQoh"":""0"",""componentBackorder"":""0"",""reorderPoint"":""0"",""reorderLevel"":""0"",""timeStamp"":""2016-03-15T15:44:31+00:00"",""itemID"":""425"",""shopID"":""0""}]}","{""ItemPrice"":[{""amount"":""120"",""useTypeID"":""1"",""useType"":""Default""},{""amount"":""0"",""useTypeID"":""2"",""useType"":""MSRP""}]}"
"426","210000000426","44.8","44.8","true","true","false","default","false","AdV JD Dragonfly Mug","0","","","TBLTP- 10062","TSSJHN20","2015-10-05T16:24:27+00:00","2018-04-19T15:09:26+00:00","false","243","2","0","0","0","0","26","{""ItemShop"":[{""itemShopID"":""852"",""qoh"":""3"",""backorder"":""0"",""componentQoh"":""0"",""componentBackorder"":""0"",""reorderPoint"":""0"",""reorderLevel"":""0"",""timeStamp"":""2018-04-19T15:09:26+00:00"",""itemID"":""426"",""shopID"":""1""},{""itemShopID"":""853"",""qoh"":""3"",""backorder"":""0"",""componentQoh"":""0"",""componentBackorder"":""0"",""reorderPoint"":""0"",""reorderLevel"":""0"",""timeStamp"":""2017-03-19T18:50:24+00:00"",""itemID"":""426"",""shopID"":""0""}]}","{""ItemPrice"":[{""amount"":""120"",""useTypeID"":""1"",""useType"":""Default""},{""amount"":""0"",""useTypeID"":""2"",""useType"":""MSRP""}]}"
"427","210000000427","44.8","44.8","true","true","false","default","false","AdV JD Happy Mug","0","","","TBLTP- 10063","TSSJHN26","2015-10-05T16:24:27+00:00","2018-12-15T21:22:27+00:00","false","243","2","0","0","0","0","26","{""ItemShop"":[{""itemShopID"":""854"",""qoh"":""3"",""backorder"":""0"",""componentQoh"":""0"",""componentBackorder"":""0"",""reorderPoint"":""0"",""reorderLevel"":""0"",""timeStamp"":""2018-12-15T21:22:27+00:00"",""itemID"":""427"",""shopID"":""1""},{""itemShopID"":""855"",""qoh"":""3"",""backorder"":""0"",""componentQoh"":""0"",""componentBackorder"":""0"",""reorderPoint"":""0"",""reorderLevel"":""0"",""timeStamp"":""2018-12-15T21:22:27+00:00"",""itemID"":""427"",""shopID"":""0""}]}","{""ItemPrice"":[{""amount"":""120"",""useTypeID"":""1"",""useType"":""Default""},{""amount"":""0"",""useTypeID"":""2"",""useType"":""MSRP""}]}"
"429","210000000429","44.8","44.8","true","true","false","default","false","AdV JD Ladybug Mug","0","","","TBLTP- 10065","TSSJHN21","2015-10-05T16:24:28+00:00","2018-04-19T15:12:09+00:00","false","243","2","0","0","0","0","26","{""ItemShop"":[{""itemShopID"":""858"",""qoh"":""4"",""backorder"":""0"",""componentQoh"":""0"",""componentBackorder"":""0"",""reorderPoint"":""0"",""reorderLevel"":""0"",""timeStamp"":""2018-12-20T18:01:36+00:00"",""itemID"":""429"",""shopID"":""1""},{""itemShopID"":""859"",""qoh"":""4"",""backorder"":""0"",""componentQoh"":""0"",""componentBackorder"":""0"",""reorderPoint"":""0"",""reorderLevel"":""0"",""timeStamp"":""2018-12-20T18:01:36+00:00"",""itemID"":""429"",""shopID"":""0""}]}","{""ItemPrice"":[{""amount"":""120"",""useTypeID"":""1"",""useType"":""Default""},{""amount"":""0"",""useTypeID"":""2"",""useType"":""MSRP""}]}"
"431","210000000431","48.16","48.16","true","true","false","default","false","AdV Adelaide Soup Plate | Large","0","","","TBLTP- 10067","ASCADL3","2015-10-05T16:24:28+00:00","2019-01-06T18:53:48+00:00","false","243","2","0","0","0","0","26","{""ItemShop"":[{""itemShopID"":""862"",""qoh"":""10"",""backorder"":""0"",""componentQoh"":""0"",""componentBackorder"":""0"",""reorderPoint"":""0"",""reorderLevel"":""0"",""timeStamp"":""2019-01-06T18:53:48+00:00"",""itemID"":""431"",""shopID"":""1""},{""itemShopID"":""863"",""qoh"":""10"",""backorder"":""0"",""componentQoh"":""0"",""componentBackorder"":""0"",""reorderPoint"":""0"",""reorderLevel"":""0"",""timeStamp"":""2019-01-06T18:53:48+00:00"",""itemID"":""431"",""shopID"":""0""}]}","{""ItemPrice"":[{""amount"":""120"",""useTypeID"":""1"",""useType"":""Default""},{""amount"":""0"",""useTypeID"":""2"",""useType"":""MSRP""}]}"
"432","210000000432","47.04","58.34","true","true","false","default","false","AdV Marguerite Fruit Bowl | Large","0","","","TBLTP- 10068","CPBMRG2","2015-10-05T16:24:28+00:00","2019-02-21T20:30:17+00:00","false","243","2","0","0","0","0","26","{""ItemShop"":[{""itemShopID"":""864"",""qoh"":""2"",""backorder"":""0"",""componentQoh"":""0"",""componentBackorder"":""0"",""reorderPoint"":""0"",""reorderLevel"":""0"",""timeStamp"":""2019-02-25T18:28:12+00:00"",""itemID"":""432"",""shopID"":""1""},{""itemShopID"":""865"",""qoh"":""2"",""backorder"":""0"",""componentQoh"":""0"",""componentBackorder"":""0"",""reorderPoint"":""0"",""reorderLevel"":""0"",""timeStamp"":""2019-02-25T18:28:12+00:00"",""itemID"":""432"",""shopID"":""0""}]}","{""ItemPrice"":[{""amount"":""130"",""useTypeID"":""1"",""useType"":""Default""},{""amount"":""0"",""useTypeID"":""2"",""useType"":""MSRP""}]}"
"434","210000000434","49.28","49.28","true","true","false","default","false","AdV JD Round Chair Platter","0","","","TBLTP- 10070","PLTJHN1","2015-10-05T16:24:29+00:00","2018-04-19T15:16:08+00:00","false","243","2","0","0","0","0","26","{""ItemShop"":[{""itemShopID"":""868"",""qoh"":""3"",""backorder"":""0"",""componentQoh"":""0"",""componentBackorder"":""0"",""reorderPoint"":""0"",""reorderLevel"":""0"",""timeStamp"":""2019-03-21T20:55:33+00:00"",""itemID"":""434"",""shopID"":""1""},{""itemShopID"":""869"",""qoh"":""3"",""backorder"":""0"",""componentQoh"":""0"",""componentBackorder"":""0"",""reorderPoint"":""0"",""reorderLevel"":""0"",""timeStamp"":""2019-03-21T20:55:33+00:00"",""itemID"":""434"",""shopID"":""0""}]}","{""ItemPrice"":[{""amount"":""136"",""useTypeID"":""1"",""useType"":""Default""},{""amount"":""0"",""useTypeID"":""2"",""useType"":""MSRP""}]}"
"435","210000000435","56","56","true","true","false","default","false","AdV Rose Pitcher | Small","0","","","TBLTP- 10071","VSERSE10","2015-10-05T16:24:29+00:00","2018-04-19T15:50:36+00:00","false","243","2","0","0","0","0","26","{""ItemShop"":[{""itemShopID"":""870"",""qoh"":""1"",""backorder"":""0"",""componentQoh"":""0"",""componentBackorder"":""0"",""reorderPoint"":""0"",""reorderLevel"":""0"",""timeStamp"":""2018-04-19T15:50:36+00:00"",""itemID"":""435"",""shopID"":""1""},{""itemShopID"":""871"",""qoh"":""1"",""backorder"":""0"",""componentQoh"":""0"",""componentBackorder"":""0"",""reorderPoint"":""0"",""reorderLevel"":""0"",""timeStamp"":""2017-05-08T15:39:12+00:00"",""itemID"":""435"",""shopID"":""0""}]}","{""ItemPrice"":[{""amount"":""140"",""useTypeID"":""1"",""useType"":""Default""},{""amount"":""0"",""useTypeID"":""2"",""useType"":""MSRP""}]}"
"437","210000000437","49.28","49.28","true","true","false","default","false","AdV Adelaide Deep Platter | Small","0","","","TBLTP- 10073","PLTADL1","2015-10-05T16:24:30+00:00","2019-01-03T16:35:27+00:00","false","243","2","0","0","0","0","26","{""ItemShop"":[{""itemShopID"":""874"",""qoh"":""1"",""backorder"":""0"",""componentQoh"":""0"",""componentBackorder"":""0"",""reorderPoint"":""0"",""reorderLevel"":""0"",""timeStamp"":""2019-01-03T16:35:27+00:00"",""itemID"":""437"",""shopID"":""1""},{""itemShopID"":""875"",""qoh"":""1"",""backorder"":""0"",""componentQoh"":""0"",""componentBackorder"":""0"",""reorderPoint"":""0"",""reorderLevel"":""0"",""timeStamp"":""2017-04-24T18:30:59+00:00"",""itemID"":""437"",""shopID"":""0""}]}","{""ItemPrice"":[{""amount"":""150"",""useTypeID"":""1"",""useType"":""Default""},{""amount"":""0"",""useTypeID"":""2"",""useType"":""MSRP""}]}"
"438","210000000438","49.28","49.28","true","true","false","default","false","AdV Simple Salad Bowl | Small","0","","","TBLTP- 10074","CPBSMP20","2015-10-05T16:24:30+00:00","2018-12-11T21:08:49+00:00","false","243","2","0","0","0","0","26","{""ItemShop"":[{""itemShopID"":""876"",""qoh"":""1"",""backorder"":""0"",""componentQoh"":""0"",""componentBackorder"":""0"",""reorderPoint"":""0"",""reorderLevel"":""0"",""timeStamp"":""2018-12-11T21:08:49+00:00"",""itemID"":""438"",""shopID"":""1""},{""itemShopID"":""877"",""qoh"":""1"",""backorder"":""0"",""componentQoh"":""0"",""componentBackorder"":""0"",""reorderPoint"":""0"",""reorderLevel"":""0"",""timeStamp"":""2018-12-11T21:08:49+00:00"",""itemID"":""438"",""shopID"":""0""}]}","{""ItemPrice"":[{""amount"":""150"",""useTypeID"":""1"",""useType"":""Default""},{""amount"":""0"",""useTypeID"":""2"",""useType"":""MSRP""}]}"
"440","210000000440","57.12","57.12","true","true","false","default","false","AdV Colbert Pitcher | Small","0","","","TBLTP- 10076","VSECLB02","2015-10-05T16:24:31+00:00","2018-07-16T18:28:34+00:00","false","243","2","0","0","0","0","26","{""ItemShop"":[{""itemShopID"":""880"",""qoh"":""1"",""backorder"":""0"",""componentQoh"":""0"",""componentBackorder"":""0"",""reorderPoint"":""0"",""reorderLevel"":""0"",""timeStamp"":""2018-07-16T18:28:34+00:00"",""itemID"":""440"",""shopID"":""1""},{""itemShopID"":""881"",""qoh"":""1"",""backorder"":""0"",""componentQoh"":""0"",""componentBackorder"":""0"",""reorderPoint"":""0"",""reorderLevel"":""0"",""timeStamp"":""2018-07-16T18:28:34+00:00"",""itemID"":""440"",""shopID"":""0""}]}","{""ItemPrice"":[{""amount"":""150"",""useTypeID"":""1"",""useType"":""Default""},{""amount"":""0"",""useTypeID"":""2"",""useType"":""MSRP""}]}"
"441","210000000441","68.32","68.32","true","true","false","default","false","AdV Adelaide Deep Platter | Large","0","","","TBLTP- 10077","PLTADL3","2015-10-05T16:24:31+00:00","2018-04-18T21:35:28+00:00","false","243","2","0","0","0","0","26","{""ItemShop"":[{""itemShopID"":""882"",""qoh"":""1"",""backorder"":""0"",""componentQoh"":""0"",""componentBackorder"":""0"",""reorderPoint"":""0"",""reorderLevel"":""0"",""timeStamp"":""2018-04-18T21:35:28+00:00"",""itemID"":""441"",""shopID"":""1""},{""itemShopID"":""883"",""qoh"":""1"",""backorder"":""0"",""componentQoh"":""0"",""componentBackorder"":""0"",""reorderPoint"":""0"",""reorderLevel"":""0"",""timeStamp"":""2017-05-31T15:49:42+00:00"",""itemID"":""441"",""shopID"":""0""}]}","{""ItemPrice"":[{""amount"":""215"",""useTypeID"":""1"",""useType"":""Default""},{""amount"":""0"",""useTypeID"":""2"",""useType"":""MSRP""}]}"
"443","210000000443","63.84","63.84","true","true","false","default","false","AdV Simple Salad Bowl | Medium","0","","","TBLTP- 10079","CPBSMP30","2015-10-05T16:24:32+00:00","2018-04-19T15:52:42+00:00","false","243","2","0","0","0","0","26","{""ItemShop"":[{""itemShopID"":""886"",""qoh"":""3"",""backorder"":""0"",""componentQoh"":""0"",""componentBackorder"":""0"",""reorderPoint"":""0"",""reorderLevel"":""0"",""timeStamp"":""2018-04-19T15:52:42+00:00"",""itemID"":""443"",""shopID"":""1""},{""itemShopID"":""887"",""qoh"":""3"",""backorder"":""0"",""componentQoh"":""0"",""componentBackorder"":""0"",""reorderPoint"":""0"",""reorderLevel"":""0"",""timeStamp"":""2018-04-10T16:39:37+00:00"",""itemID"":""443"",""shopID"":""0""}]}","{""ItemPrice"":[{""amount"":""170"",""useTypeID"":""1"",""useType"":""Default""},{""amount"":""0"",""useTypeID"":""2"",""useType"":""MSRP""}]}"
"447","210000000447","70.56","0","true","true","false","default","false","AdV Peggy Bowl on Stand","0","","","TBLTP- 10083","CPHPGG3","2015-10-05T16:24:33+00:00","2019-02-21T21:37:31+00:00","false","243","2","0","0","0","0","26","{""ItemShop"":[{""itemShopID"":""894"",""qoh"":""0"",""backorder"":""0"",""componentQoh"":""0"",""componentBackorder"":""0"",""reorderPoint"":""0"",""reorderLevel"":""0"",""timeStamp"":""2019-02-25T18:28:11+00:00"",""itemID"":""447"",""shopID"":""1""},{""itemShopID"":""895"",""qoh"":""0"",""backorder"":""0"",""componentQoh"":""0"",""componentBackorder"":""0"",""reorderPoint"":""0"",""reorderLevel"":""0"",""timeStamp"":""2019-02-25T18:28:11+00:00"",""itemID"":""447"",""shopID"":""0""}]}","{""ItemPrice"":[{""amount"":""190"",""useTypeID"":""1"",""useType"":""Default""},{""amount"":""0"",""useTypeID"":""2"",""useType"":""MSRP""}]}"
"451","210000000451","87.36","87.36","true","true","false","default","false","AdV Simple Fruit Stand","0","","","TBLTP- 10087","CPHSMP2","2015-10-05T16:24:35+00:00","2019-01-06T18:53:48+00:00","false","243","2","0","0","0","0","26","{""ItemShop"":[{""itemShopID"":""902"",""qoh"":""2"",""backorder"":""0"",""componentQoh"":""0"",""componentBackorder"":""0"",""reorderPoint"":""0"",""reorderLevel"":""0"",""timeStamp"":""2019-01-06T18:53:48+00:00"",""itemID"":""451"",""shopID"":""1""},{""itemShopID"":""903"",""qoh"":""2"",""backorder"":""0"",""componentQoh"":""0"",""componentBackorder"":""0"",""reorderPoint"":""0"",""reorderLevel"":""0"",""timeStamp"":""2019-01-06T18:53:48+00:00"",""itemID"":""451"",""shopID"":""0""}]}","{""ItemPrice"":[{""amount"":""220"",""useTypeID"":""1"",""useType"":""Default""},{""amount"":""0"",""useTypeID"":""2"",""useType"":""MSRP""}]}"
"462","210000000462","96.32","96.32","true","true","false","default","false","AdV Fleur Pitcher","0","","","TBLTP- 10098","VSEFLR20","2015-10-05T16:24:38+00:00","2018-08-01T16:07:36+00:00","false","243","2","0","0","0","0","26","{""ItemShop"":[{""itemShopID"":""924"",""qoh"":""1"",""backorder"":""0"",""componentQoh"":""0"",""componentBackorder"":""0"",""reorderPoint"":""0"",""reorderLevel"":""0"",""timeStamp"":""2018-08-01T16:07:36+00:00"",""itemID"":""462"",""shopID"":""1""},{""itemShopID"":""925"",""qoh"":""1"",""backorder"":""0"",""componentQoh"":""0"",""componentBackorder"":""0"",""reorderPoint"":""0"",""reorderLevel"":""0"",""timeStamp"":""2018-08-01T16:07:36+00:00"",""itemID"":""462"",""shopID"":""0""}]}","{""ItemPrice"":[{""amount"":""280"",""useTypeID"":""1"",""useType"":""Default""},{""amount"":""0"",""useTypeID"":""2"",""useType"":""MSRP""}]}"
"464","210000000464","107.52","107.52","true","true","false","default","false","AdV Simple Fruit Stand | Large","0","","","TBLTP- 10100","CPHSMP3","2015-10-05T16:24:39+00:00","2018-12-06T22:25:03+00:00","false","243","2","0","0","0","0","26","{""ItemShop"":[{""itemShopID"":""928"",""qoh"":""2"",""backorder"":""0"",""componentQoh"":""0"",""componentBackorder"":""0"",""reorderPoint"":""0"",""reorderLevel"":""0"",""timeStamp"":""2019-01-06T18:53:48+00:00"",""itemID"":""464"",""shopID"":""1""},{""itemShopID"":""929"",""qoh"":""2"",""backorder"":""0"",""componentQoh"":""0"",""componentBackorder"":""0"",""reorderPoint"":""0"",""reorderLevel"":""0"",""timeStamp"":""2019-01-06T18:53:48+00:00"",""itemID"":""464"",""shopID"":""0""}]}","{""ItemPrice"":[{""amount"":""280"",""useTypeID"":""1"",""useType"":""Default""},{""amount"":""0"",""useTypeID"":""2"",""useType"":""MSRP""}]}"
"465","210000000465","106.79","118","true","true","false","default","false","AdV Adelaide Salad Bowl | Large","0","","","TBLTP- 10101","CPBADL4","2015-10-05T16:24:39+00:00","2018-11-08T16:46:55+00:00","false","243","2","0","0","0","0","26","{""ItemShop"":[{""itemShopID"":""930"",""qoh"":""0"",""backorder"":""0"",""componentQoh"":""0"",""componentBackorder"":""0"",""reorderPoint"":""0"",""reorderLevel"":""0"",""timeStamp"":""2019-03-27T21:30:15+00:00"",""itemID"":""465"",""shopID"":""1""},{""itemShopID"":""931"",""qoh"":""0"",""backorder"":""0"",""componentQoh"":""0"",""componentBackorder"":""0"",""reorderPoint"":""0"",""reorderLevel"":""0"",""timeStamp"":""2019-03-27T21:30:15+00:00"",""itemID"":""465"",""shopID"":""0""}]}","{""ItemPrice"":[{""amount"":""295"",""useTypeID"":""1"",""useType"":""Default""},{""amount"":""0"",""useTypeID"":""2"",""useType"":""MSRP""}]}"
"466","210000000466","114.24","114.24","true","true","false","default","false","AdV Colbert Coffee Pot | Small","0","","","TBLTP- 10102","CFTCLB1","2015-10-05T16:24:39+00:00","2018-04-19T14:50:54+00:00","false","243","2","0","0","0","0","26","{""ItemShop"":[{""itemShopID"":""932"",""qoh"":""1"",""backorder"":""0"",""componentQoh"":""0"",""componentBackorder"":""0"",""reorderPoint"":""0"",""reorderLevel"":""0"",""timeStamp"":""2018-04-19T14:50:54+00:00"",""itemID"":""466"",""shopID"":""1""},{""itemShopID"":""933"",""qoh"":""1"",""backorder"":""0"",""componentQoh"":""0"",""componentBackorder"":""0"",""reorderPoint"":""0"",""reorderLevel"":""0"",""timeStamp"":""2015-10-05T16:24:39+00:00"",""itemID"":""466"",""shopID"":""0""}]}","{""ItemPrice"":[{""amount"":""300"",""useTypeID"":""1"",""useType"":""Default""},{""amount"":""0"",""useTypeID"":""2"",""useType"":""MSRP""}]}"
"470","210000000470","148.96","148.96","true","true","false","default","false","AdV Setsuko Cat Teapot | Large","0","","","TBLTP- 10106","THRSTK3","2015-10-05T16:24:40+00:00","2018-04-19T15:50:58+00:00","false","243","2","0","0","0","0","26","{""ItemShop"":[{""itemShopID"":""940"",""qoh"":""1"",""backorder"":""0"",""componentQoh"":""0"",""componentBackorder"":""0"",""reorderPoint"":""0"",""reorderLevel"":""0"",""timeStamp"":""2018-04-19T15:50:58+00:00"",""itemID"":""470"",""shopID"":""1""},{""itemShopID"":""941"",""qoh"":""1"",""backorder"":""0"",""componentQoh"":""0"",""componentBackorder"":""0"",""reorderPoint"":""0"",""reorderLevel"":""0"",""timeStamp"":""2015-10-05T16:24:41+00:00"",""itemID"":""470"",""shopID"":""0""}]}","{""ItemPrice"":[{""amount"":""350"",""useTypeID"":""1"",""useType"":""Default""},{""amount"":""0"",""useTypeID"":""2"",""useType"":""MSRP""}]}"
"473","210000000473","131.04","131.04","true","true","false","default","false","AdV Benoit Teapot with Marie-A Head","0","","","TBLTP- 10109","THRBNT1","2015-10-05T16:24:41+00:00","2018-04-19T14:49:21+00:00","false","243","2","0","0","0","0","26","{""ItemShop"":[{""itemShopID"":""946"",""qoh"":""1"",""backorder"":""0"",""componentQoh"":""0"",""componentBackorder"":""0"",""reorderPoint"":""0"",""reorderLevel"":""0"",""timeStamp"":""2018-04-19T14:49:21+00:00"",""itemID"":""473"",""shopID"":""1""},{""itemShopID"":""947"",""qoh"":""1"",""backorder"":""0"",""componentQoh"":""0"",""componentBackorder"":""0"",""reorderPoint"":""0"",""reorderLevel"":""0"",""timeStamp"":""2015-10-05T16:24:42+00:00"",""itemID"":""473"",""shopID"":""0""}]}","{""ItemPrice"":[{""amount"":""390"",""useTypeID"":""1"",""useType"":""Default""},{""amount"":""0"",""useTypeID"":""2"",""useType"":""MSRP""}]}"
"496","210000000496","38","38","false","true","false","default","false","Conic Folded Edge Bowl","0","","","TBLTP- 10132","","2015-10-05T16:24:48+00:00","2018-11-27T20:12:24+00:00","false","225","2","0","0","0","0","28","{""ItemShop"":[{""itemShopID"":""992"",""qoh"":""2"",""backorder"":""0"",""componentQoh"":""0"",""componentBackorder"":""0"",""reorderPoint"":""0"",""reorderLevel"":""0"",""timeStamp"":""2018-11-27T20:12:24+00:00"",""itemID"":""496"",""shopID"":""1""},{""itemShopID"":""993"",""qoh"":""2"",""backorder"":""0"",""componentQoh"":""0"",""componentBackorder"":""0"",""reorderPoint"":""0"",""reorderLevel"":""0"",""timeStamp"":""2018-03-07T14:31:36+00:00"",""itemID"":""496"",""shopID"":""0""}]}","{""ItemPrice"":[{""amount"":""95"",""useTypeID"":""1"",""useType"":""Default""},{""amount"":""0"",""useTypeID"":""2"",""useType"":""MSRP""}]}"
"510","210000000510","5.25","5.25","false","true","false","default","false","Old Fashioned Glass","0","","","TBLTP- 10146","","2015-10-05T16:24:53+00:00","2019-02-13T21:41:44+00:00","false","245","2","0","0","0","0","34","{""ItemShop"":[{""itemShopID"":""1020"",""qoh"":""1"",""backorder"":""0"",""componentQoh"":""0"",""componentBackorder"":""0"",""reorderPoint"":""0"",""reorderLevel"":""0"",""timeStamp"":""2019-02-13T21:41:43+00:00"",""itemID"":""510"",""shopID"":""1""},{""itemShopID"":""1021"",""qoh"":""1"",""backorder"":""0"",""componentQoh"":""0"",""componentBackorder"":""0"",""reorderPoint"":""0"",""reorderLevel"":""0"",""timeStamp"":""2019-02-13T21:41:29+00:00"",""itemID"":""510"",""shopID"":""0""}]}","{""ItemPrice"":[{""amount"":""14"",""useTypeID"":""1"",""useType"":""Default""},{""amount"":""0"",""useTypeID"":""2"",""useType"":""MSRP""}]}"
"518","210000000518","7.77","7.77","false","true","false","default","false","Adam's White Wine Glass","0","","","TBLTP- 10154","","2015-10-05T16:24:55+00:00","2019-02-02T16:31:23+00:00","false","245","2","0","0","0","0","36","{""ItemShop"":[{""itemShopID"":""1036"",""qoh"":""57"",""backorder"":""0"",""componentQoh"":""0"",""componentBackorder"":""0"",""reorderPoint"":""0"",""reorderLevel"":""0"",""timeStamp"":""2019-02-02T16:31:23+00:00"",""itemID"":""518"",""shopID"":""1""},{""itemShopID"":""1037"",""qoh"":""57"",""backorder"":""0"",""componentQoh"":""0"",""componentBackorder"":""0"",""reorderPoint"":""0"",""reorderLevel"":""0"",""timeStamp"":""2019-02-02T16:27:21+00:00"",""itemID"":""518"",""shopID"":""0""}]}","{""ItemPrice"":[{""amount"":""18"",""useTypeID"":""1"",""useType"":""Default""},{""amount"":""0"",""useTypeID"":""2"",""useType"":""MSRP""}]}"
"519","210000000519","7.98","7.98","false","true","false","default","false","Adam's Red Wine Glass","0","","","TBLTP- 10155","","2015-10-05T16:24:56+00:00","2018-11-27T16:26:25+00:00","false","245","2","0","0","0","0","36","{""ItemShop"":[{""itemShopID"":""1038"",""qoh"":""53"",""backorder"":""0"",""componentQoh"":""0"",""componentBackorder"":""0"",""reorderPoint"":""0"",""reorderLevel"":""0"",""timeStamp"":""2018-12-05T18:59:51+00:00"",""itemID"":""519"",""shopID"":""1""},{""itemShopID"":""1039"",""qoh"":""53"",""backorder"":""0"",""componentQoh"":""0"",""componentBackorder"":""0"",""reorderPoint"":""0"",""reorderLevel"":""0"",""timeStamp"":""2018-12-05T18:59:51+00:00"",""itemID"":""519"",""shopID"":""0""}]}","{""ItemPrice"":[{""amount"":""20"",""useTypeID"":""1"",""useType"":""Default""},{""amount"":""0"",""useTypeID"":""2"",""useType"":""MSRP""}]}"
"520","210000000520","7.98","7.98","false","true","false","default","false","Adam's Water Glass","0","","","TBLTP- 10156","","2015-10-05T16:24:56+00:00","2019-02-23T16:41:56+00:00","false","245","2","0","0","0","0","36","{""ItemShop"":[{""itemShopID"":""1040"",""qoh"":""151"",""backorder"":""0"",""componentQoh"":""0"",""componentBackorder"":""0"",""reorderPoint"":""0"",""reorderLevel"":""0"",""timeStamp"":""2019-02-23T16:41:52+00:00"",""itemID"":""520"",""shopID"":""1""},{""itemShopID"":""1041"",""qoh"":""151"",""backorder"":""0"",""componentQoh"":""0"",""componentBackorder"":""0"",""reorderPoint"":""0"",""reorderLevel"":""0"",""timeStamp"":""2019-02-23T16:41:52+00:00"",""itemID"":""520"",""shopID"":""0""}]}","{""ItemPrice"":[{""amount"":""22"",""useTypeID"":""1"",""useType"":""Default""},{""amount"":""0"",""useTypeID"":""2"",""useType"":""MSRP""}]}"
"563","210000000563","118","118","true","true","false","default","false","Plaid Ecological Throw | Sisteron Bordeaux","0","","","TEX- 10043","","2015-10-05T16:25:10+00:00","2019-03-18T20:32:42+00:00","false","210","2","0","0","0","0","60","{""ItemShop"":[{""itemShopID"":""1126"",""qoh"":""1"",""backorder"":""0"",""componentQoh"":""0"",""componentBackorder"":""0"",""reorderPoint"":""0"",""reorderLevel"":""0"",""timeStamp"":""2019-03-18T20:32:42+00:00"",""itemID"":""563"",""shopID"":""1""},{""itemShopID"":""1127"",""qoh"":""1"",""backorder"":""0"",""componentQoh"":""0"",""componentBackorder"":""0"",""reorderPoint"":""0"",""reorderLevel"":""0"",""timeStamp"":""2018-12-03T22:37:01+00:00"",""itemID"":""563"",""shopID"":""0""}]}","{""ItemPrice"":[{""amount"":""260"",""useTypeID"":""1"",""useType"":""Default""},{""amount"":""0"",""useTypeID"":""2"",""useType"":""MSRP""}]}"
"564","210000000564","118","118","true","true","false","default","false","Plaid Ecological Throw | Sisteron Dark Green","0","","","TEX- 10044","","2015-10-05T16:25:11+00:00","2019-03-18T20:33:03+00:00","false","210","2","0","0","0","0","60","{""ItemShop"":[{""itemShopID"":""1128"",""qoh"":""1"",""backorder"":""0"",""componentQoh"":""0"",""componentBackorder"":""0"",""reorderPoint"":""0"",""reorderLevel"":""0"",""timeStamp"":""2019-03-18T20:33:03+00:00"",""itemID"":""564"",""shopID"":""1""},{""itemShopID"":""1129"",""qoh"":""1"",""backorder"":""0"",""componentQoh"":""0"",""componentBackorder"":""0"",""reorderPoint"":""0"",""reorderLevel"":""0"",""timeStamp"":""2019-01-28T15:26:29+00:00"",""itemID"":""564"",""shopID"":""0""}]}","{""ItemPrice"":[{""amount"":""260"",""useTypeID"":""1"",""useType"":""Default""},{""amount"":""0"",""useTypeID"":""2"",""useType"":""MSRP""}]}"
"565","210000000565","118","118","true","true","false","default","false","Plaid Ecological Throw | Sisteron Fuchsia","0","","","TEX- 10045","","2015-10-05T16:25:11+00:00","2019-03-18T20:43:10+00:00","false","210","2","0","0","0","0","60","{""ItemShop"":[{""itemShopID"":""1130"",""qoh"":""2"",""backorder"":""0"",""componentQoh"":""0"",""componentBackorder"":""0"",""reorderPoint"":""0"",""reorderLevel"":""0"",""timeStamp"":""2019-03-18T20:43:10+00:00"",""itemID"":""565"",""shopID"":""1""},{""itemShopID"":""1131"",""qoh"":""2"",""backorder"":""0"",""componentQoh"":""0"",""componentBackorder"":""0"",""reorderPoint"":""0"",""reorderLevel"":""0"",""timeStamp"":""2018-10-31T20:15:15+00:00"",""itemID"":""565"",""shopID"":""0""}]}","{""ItemPrice"":[{""amount"":""260"",""useTypeID"":""1"",""useType"":""Default""},{""amount"":""0"",""useTypeID"":""2"",""useType"":""MSRP""}]}"
"586","210000000586","16.4","16.4","false","true","false","default","false","DR Amber Pillar | 4 x 8","0","","","DEC ACC- 10210","#24","2015-10-07T00:25:23+00:00","2018-11-27T17:44:09+00:00","false","226","2","0","0","0","0","34","{""ItemShop"":[{""itemShopID"":""1172"",""qoh"":""0"",""backorder"":""0"",""componentQoh"":""0"",""componentBackorder"":""0"",""reorderPoint"":""0"",""reorderLevel"":""0"",""timeStamp"":""2019-01-06T18:53:49+00:00"",""itemID"":""586"",""shopID"":""1""},{""itemShopID"":""1173"",""qoh"":""0"",""backorder"":""0"",""componentQoh"":""0"",""componentBackorder"":""0"",""reorderPoint"":""0"",""reorderLevel"":""0"",""timeStamp"":""2019-01-06T18:53:49+00:00"",""itemID"":""586"",""shopID"":""0""}]}","{""ItemPrice"":[{""amount"":""52"",""useTypeID"":""1"",""useType"":""Default""},{""amount"":""0"",""useTypeID"":""2"",""useType"":""MSRP""}]}"
"587","210000000587","18.9","18.9","false","true","false","default","false","DR Black Pillar | 4 x 8","0","","","DEC ACC- 10211","#24","2015-10-07T00:29:42+00:00","2019-03-29T17:22:20+00:00","false","226","2","0","0","0","0","34","{""ItemShop"":[{""itemShopID"":""1174"",""qoh"":""14"",""backorder"":""0"",""componentQoh"":""0"",""componentBackorder"":""0"",""reorderPoint"":""0"",""reorderLevel"":""0"",""timeStamp"":""2019-03-29T17:31:16+00:00"",""itemID"":""587"",""shopID"":""1""},{""itemShopID"":""1175"",""qoh"":""14"",""backorder"":""0"",""componentQoh"":""0"",""componentBackorder"":""0"",""reorderPoint"":""0"",""reorderLevel"":""0"",""timeStamp"":""2019-03-29T17:31:16+00:00"",""itemID"":""587"",""shopID"":""0""}]}","{""ItemPrice"":[{""amount"":""52"",""useTypeID"":""1"",""useType"":""Default""},{""amount"":""0"",""useTypeID"":""2"",""useType"":""MSRP""}]}"
"591","210000000591","24.88","35.117777778","true","true","false","default","false","Tadelakt Ivory | Bottle","0","","","DEC ACC- 10215","","2015-10-08T18:42:49+00:00","2019-03-26T15:32:04+00:00","false","225","2","0","0","0","0","23","{""ItemShop"":[{""itemShopID"":""1182"",""qoh"":""15"",""backorder"":""0"",""componentQoh"":""0"",""componentBackorder"":""0"",""reorderPoint"":""0"",""reorderLevel"":""0"",""timeStamp"":""2019-03-28T14:43:32+00:00"",""itemID"":""591"",""shopID"":""1""},{""itemShopID"":""1183"",""qoh"":""15"",""backorder"":""0"",""componentQoh"":""0"",""componentBackorder"":""0"",""reorderPoint"":""0"",""reorderLevel"":""0"",""timeStamp"":""2019-03-28T14:43:32+00:00"",""itemID"":""591"",""shopID"":""0""}]}","{""ItemPrice"":[{""amount"":""195"",""useTypeID"":""1"",""useType"":""Default""},{""amount"":""23.33"",""useTypeID"":""2"",""useType"":""MSRP""}]}"
"592","210000000592","24.88","34.052307692","true","true","false","default","false","Tadelakt Black | Bottle","0","","","DEC ACC- 10216","","2015-10-08T18:44:48+00:00","2019-01-06T18:53:49+00:00","false","225","2","0","0","0","0","23","{""ItemShop"":[{""itemShopID"":""1184"",""qoh"":""13"",""backorder"":""1"",""componentQoh"":""0"",""componentBackorder"":""0"",""reorderPoint"":""0"",""reorderLevel"":""0"",""timeStamp"":""2019-01-06T18:53:49+00:00"",""itemID"":""592"",""shopID"":""1""},{""itemShopID"":""1185"",""qoh"":""13"",""backorder"":""1"",""componentQoh"":""0"",""componentBackorder"":""0"",""reorderPoint"":""0"",""reorderLevel"":""0"",""timeStamp"":""2019-01-06T18:53:49+00:00"",""itemID"":""592"",""shopID"":""0""}]}","{""ItemPrice"":[{""amount"":""195"",""useTypeID"":""1"",""useType"":""Default""},{""amount"":""0"",""useTypeID"":""2"",""useType"":""MSRP""}]}"
"597","210000000597","133","133","true","true","false","default","false","AdV Setsuko Cat Incense Burner","0","","","DEC ACC- 10210","","2015-10-13T20:47:02+00:00","2019-02-18T18:50:00+00:00","false","226","2","0","0","0","0","0","{""ItemShop"":[{""itemShopID"":""1194"",""qoh"":""1"",""backorder"":""0"",""componentQoh"":""0"",""componentBackorder"":""0"",""reorderPoint"":""0"",""reorderLevel"":""0"",""timeStamp"":""2019-02-18T18:50:00+00:00"",""itemID"":""597"",""shopID"":""1""},{""itemShopID"":""1195"",""qoh"":""1"",""backorder"":""0"",""componentQoh"":""0"",""componentBackorder"":""0"",""reorderPoint"":""0"",""reorderLevel"":""0"",""timeStamp"":""2019-02-18T18:50:00+00:00"",""itemID"":""597"",""shopID"":""0""}]}","{""ItemPrice"":[{""amount"":""300"",""useTypeID"":""1"",""useType"":""Default""},{""amount"":""300"",""useTypeID"":""2"",""useType"":""MSRP""}]}"
"604","210000000604","0","0","true","true","false","default","false","Dixon Rye Rotating Sconce","0","","","","","2015-11-09T21:52:29+00:00","2017-01-29T17:49:57+00:00","false","218","2","0","0","0","0","50","{""ItemShop"":[{""itemShopID"":""1210"",""qoh"":""0"",""backorder"":""0"",""componentQoh"":""0"",""componentBackorder"":""0"",""reorderPoint"":""0"",""reorderLevel"":""0"",""timeStamp"":""2017-01-29T17:49:57+00:00"",""itemID"":""604"",""shopID"":""1""},{""itemShopID"":""1209"",""qoh"":""0"",""backorder"":""0"",""componentQoh"":""0"",""componentBackorder"":""0"",""reorderPoint"":""0"",""reorderLevel"":""0"",""timeStamp"":""2015-11-09T21:52:29+00:00"",""itemID"":""604"",""shopID"":""0""}]}","{""ItemPrice"":[{""amount"":""2680"",""useTypeID"":""1"",""useType"":""Default""},{""amount"":""0"",""useTypeID"":""2"",""useType"":""MSRP""}]}"
"650","210000000653","1799","1799","true","true","false","default","false","Lucite Console w/Shelf","0","","","","","2015-11-24T18:23:20+00:00","2019-03-28T14:42:23+00:00","false","232","2","0","0","0","0","65","{""ItemShop"":[{""itemShopID"":""1302"",""qoh"":""1"",""backorder"":""0"",""componentQoh"":""0"",""componentBackorder"":""0"",""reorderPoint"":""0"",""reorderLevel"":""0"",""timeStamp"":""2019-03-28T14:42:23+00:00"",""itemID"":""650"",""shopID"":""1""},{""itemShopID"":""1301"",""qoh"":""1"",""backorder"":""0"",""componentQoh"":""0"",""componentBackorder"":""0"",""reorderPoint"":""0"",""reorderLevel"":""0"",""timeStamp"":""2019-03-28T14:42:23+00:00"",""itemID"":""650"",""shopID"":""0""}]}","{""ItemPrice"":[{""amount"":""3900"",""useTypeID"":""1"",""useType"":""Default""},{""amount"":""0"",""useTypeID"":""2"",""useType"":""MSRP""}]}"
"667","210000000676","68.4","68.4","false","true","false","default","false","Painted Glass Mirror Frame |  5 x 7","0","","","","","2015-12-09T18:40:38+00:00","2019-01-30T22:13:08+00:00","false","225","2","0","0","0","0","68","{""ItemShop"":[{""itemShopID"":""1336"",""qoh"":""1"",""backorder"":""0"",""componentQoh"":""0"",""componentBackorder"":""0"",""reorderPoint"":""0"",""reorderLevel"":""0"",""timeStamp"":""2019-01-30T22:13:08+00:00"",""itemID"":""667"",""shopID"":""1""},{""itemShopID"":""1335"",""qoh"":""1"",""backorder"":""0"",""componentQoh"":""0"",""componentBackorder"":""0"",""reorderPoint"":""0"",""reorderLevel"":""0"",""timeStamp"":""2019-01-05T19:55:15+00:00"",""itemID"":""667"",""shopID"":""0""}]}","{""ItemPrice"":[{""amount"":""9.99"",""useTypeID"":""1"",""useType"":""Default""},{""amount"":""0"",""useTypeID"":""2"",""useType"":""MSRP""}]}"
"671","210000000682","70.68","63.08","false","true","false","default","false","Snake Skin Frame |  5 x 7","0","","","","","2015-12-09T18:48:51+00:00","2019-03-19T20:10:12+00:00","false","225","2","0","0","0","0","68","{""ItemShop"":[{""itemShopID"":""1344"",""qoh"":""0"",""backorder"":""0"",""componentQoh"":""0"",""componentBackorder"":""0"",""reorderPoint"":""0"",""reorderLevel"":""0"",""timeStamp"":""2019-03-23T19:38:23+00:00"",""itemID"":""671"",""shopID"":""1""},{""itemShopID"":""1343"",""qoh"":""0"",""backorder"":""0"",""componentQoh"":""0"",""componentBackorder"":""0"",""reorderPoint"":""0"",""reorderLevel"":""0"",""timeStamp"":""2019-03-23T19:38:23+00:00"",""itemID"":""671"",""shopID"":""0""}]}","{""ItemPrice"":[{""amount"":""9.99"",""useTypeID"":""1"",""useType"":""Default""},{""amount"":""0"",""useTypeID"":""2"",""useType"":""MSRP""}]}"
"678","210000000695","75","75","true","true","false","default","false","Linda Hanks | Pica's Cap Drawing","0","","","","","2015-12-15T18:01:39+00:00","2018-02-19T22:09:59+00:00","false","210","2","0","0","0","0","63","{""ItemShop"":[{""itemShopID"":""1358"",""qoh"":""1"",""backorder"":""0"",""componentQoh"":""0"",""componentBackorder"":""0"",""reorderPoint"":""0"",""reorderLevel"":""0"",""timeStamp"":""2018-02-19T22:09:59+00:00"",""itemID"":""678"",""shopID"":""1""},{""itemShopID"":""1357"",""qoh"":""1"",""backorder"":""0"",""componentQoh"":""0"",""componentBackorder"":""0"",""reorderPoint"":""0"",""reorderLevel"":""0"",""timeStamp"":""2018-01-25T20:44:08+00:00"",""itemID"":""678"",""shopID"":""0""}]}","{""ItemPrice"":[{""amount"":""495"",""useTypeID"":""1"",""useType"":""Default""},{""amount"":""0"",""useTypeID"":""2"",""useType"":""MSRP""}]}"
"685","210000000705","55","55","false","true","false","default","false","Mad et Len Figue Noire","0","","","","ML-BAP-FN","2015-12-22T22:24:19+00:00","2019-03-12T18:16:33+00:00","false","226","2","0","0","0","0","70","{""ItemShop"":[{""itemShopID"":""1372"",""qoh"":""6"",""backorder"":""0"",""componentQoh"":""0"",""componentBackorder"":""0"",""reorderPoint"":""4"",""reorderLevel"":""4"",""timeStamp"":""2019-03-12T18:16:34+00:00"",""itemID"":""685"",""shopID"":""1""},{""itemShopID"":""1371"",""qoh"":""6"",""backorder"":""0"",""componentQoh"":""0"",""componentBackorder"":""0"",""reorderPoint"":""0"",""reorderLevel"":""0"",""timeStamp"":""2019-03-12T18:16:34+00:00"",""itemID"":""685"",""shopID"":""0""}]}","{""ItemPrice"":[{""amount"":""115"",""useTypeID"":""1"",""useType"":""Default""},{""amount"":""0"",""useTypeID"":""2"",""useType"":""MSRP""}]}"
"686","210000000707","55","55","false","true","false","default","false","Mad et Len Black Champaka","0","","","","ML-BAP-BC","2015-12-22T22:26:32+00:00","2019-03-04T17:29:35+00:00","false","226","2","0","0","0","0","70","{""ItemShop"":[{""itemShopID"":""1374"",""qoh"":""4"",""backorder"":""0"",""componentQoh"":""0"",""componentBackorder"":""0"",""reorderPoint"":""4"",""reorderLevel"":""4"",""timeStamp"":""2019-03-12T18:17:10+00:00"",""itemID"":""686"",""shopID"":""1""},{""itemShopID"":""1373"",""qoh"":""4"",""backorder"":""0"",""componentQoh"":""0"",""componentBackorder"":""0"",""reorderPoint"":""0"",""reorderLevel"":""0"",""timeStamp"":""2019-03-12T18:17:10+00:00"",""itemID"":""686"",""shopID"":""0""}]}","{""ItemPrice"":[{""amount"":""115"",""useTypeID"":""1"",""useType"":""Default""},{""amount"":""0"",""useTypeID"":""2"",""useType"":""MSRP""}]}"
"687","210000000709","55","55","false","true","false","default","false","Mad et Len Terre Noire | Small","0","","","","ML-BAP-TN","2015-12-22T22:36:13+00:00","2019-03-14T17:04:11+00:00","false","226","2","0","0","0","0","70","{""ItemShop"":[{""itemShopID"":""1376"",""qoh"":""16"",""backorder"":""0"",""componentQoh"":""0"",""componentBackorder"":""0"",""reorderPoint"":""4"",""reorderLevel"":""4"",""timeStamp"":""2019-03-14T17:04:11+00:00"",""itemID"":""687"",""shopID"":""1""},{""itemShopID"":""1375"",""qoh"":""16"",""backorder"":""0"",""componentQoh"":""0"",""componentBackorder"":""0"",""reorderPoint"":""0"",""reorderLevel"":""0"",""timeStamp"":""2019-03-14T17:04:11+00:00"",""itemID"":""687"",""shopID"":""0""}]}","{""ItemPrice"":[{""amount"":""115"",""useTypeID"":""1"",""useType"":""Default""},{""amount"":""0"",""useTypeID"":""2"",""useType"":""MSRP""}]}"
"688","210000000711","55","55","false","true","false","default","false","Mad et Len Spirituelle | Small","0","","","","ML-BAP-SP","2015-12-22T22:45:51+00:00","2019-03-12T18:31:03+00:00","false","226","2","0","0","0","0","70","{""ItemShop"":[{""itemShopID"":""1378"",""qoh"":""22"",""backorder"":""0"",""componentQoh"":""0"",""componentBackorder"":""0"",""reorderPoint"":""4"",""reorderLevel"":""4"",""timeStamp"":""2019-03-30T21:21:21+00:00"",""itemID"":""688"",""shopID"":""1""},{""itemShopID"":""1377"",""qoh"":""22"",""backorder"":""0"",""componentQoh"":""0"",""componentBackorder"":""0"",""reorderPoint"":""0"",""reorderLevel"":""0"",""timeStamp"":""2019-03-30T21:21:21+00:00"",""itemID"":""688"",""shopID"":""0""}]}","{""ItemPrice"":[{""amount"":""115"",""useTypeID"":""1"",""useType"":""Default""},{""amount"":""0"",""useTypeID"":""2"",""useType"":""MSRP""}]}"
"693","210000000719","33.6","33.6","false","true","false","default","false","AdV JD Black Line Heart Saucer","0","","","","SSCJHN21","2015-12-23T20:48:24+00:00","2018-12-18T22:14:16+00:00","false","121","2","0","0","0","0","26","{""ItemShop"":[{""itemShopID"":""1388"",""qoh"":""2"",""backorder"":""0"",""componentQoh"":""0"",""componentBackorder"":""0"",""reorderPoint"":""0"",""reorderLevel"":""0"",""timeStamp"":""2018-12-18T22:14:16+00:00"",""itemID"":""693"",""shopID"":""1""},{""itemShopID"":""1387"",""qoh"":""2"",""backorder"":""0"",""componentQoh"":""0"",""componentBackorder"":""0"",""reorderPoint"":""0"",""reorderLevel"":""0"",""timeStamp"":""2018-12-18T22:14:16+00:00"",""itemID"":""693"",""shopID"":""0""}]}","{""ItemPrice"":[{""amount"":""75"",""useTypeID"":""1"",""useType"":""Default""},{""amount"":""0"",""useTypeID"":""2"",""useType"":""MSRP""}]}"
"694","210000000720","80.64","84.66","true","true","false","default","false","AdV JD Stuttgart Flower Platter","0","","","","PLTJHN27","2015-12-23T20:53:34+00:00","2019-02-21T20:36:16+00:00","false","243","2","0","0","0","0","26","{""ItemShop"":[{""itemShopID"":""1390"",""qoh"":""1"",""backorder"":""0"",""componentQoh"":""0"",""componentBackorder"":""0"",""reorderPoint"":""0"",""reorderLevel"":""0"",""timeStamp"":""2019-02-25T18:28:12+00:00"",""itemID"":""694"",""shopID"":""1""},{""itemShopID"":""1389"",""qoh"":""1"",""backorder"":""0"",""componentQoh"":""0"",""componentBackorder"":""0"",""reorderPoint"":""0"",""reorderLevel"":""0"",""timeStamp"":""2019-02-25T18:28:12+00:00"",""itemID"":""694"",""shopID"":""0""}]}","{""ItemPrice"":[{""amount"":""175"",""useTypeID"":""1"",""useType"":""Default""},{""amount"":""0"",""useTypeID"":""2"",""useType"":""MSRP""}]}"
"711","210000000742","0","0","true","true","false","default","false","Linda Hanks | Color Study IV | 16x 20","0","","","","","2015-12-30T22:32:24+00:00","2018-02-19T22:09:39+00:00","false","210","2","0","0","0","0","63","{""ItemShop"":[{""itemShopID"":""1424"",""qoh"":""1"",""backorder"":""0"",""componentQoh"":""0"",""componentBackorder"":""0"",""reorderPoint"":""0"",""reorderLevel"":""0"",""timeStamp"":""2018-02-19T22:09:39+00:00"",""itemID"":""711"",""shopID"":""1""},{""itemShopID"":""1423"",""qoh"":""1"",""backorder"":""0"",""componentQoh"":""0"",""componentBackorder"":""0"",""reorderPoint"":""0"",""reorderLevel"":""0"",""timeStamp"":""2018-01-25T20:43:28+00:00"",""itemID"":""711"",""shopID"":""0""}]}","{""ItemPrice"":[{""amount"":""400"",""useTypeID"":""1"",""useType"":""Default""},{""amount"":""0"",""useTypeID"":""2"",""useType"":""MSRP""}]}"
"714","210000000748","0","0","true","true","false","default","false","Linda Hanks | The Couple | 16x20","0","","","","","2015-12-30T22:37:52+00:00","2018-02-19T22:10:23+00:00","false","210","2","0","0","0","0","63","{""ItemShop"":[{""itemShopID"":""1430"",""qoh"":""1"",""backorder"":""0"",""componentQoh"":""0"",""componentBackorder"":""0"",""reorderPoint"":""0"",""reorderLevel"":""0"",""timeStamp"":""2018-02-19T22:10:22+00:00"",""itemID"":""714"",""shopID"":""1""},{""itemShopID"":""1429"",""qoh"":""1"",""backorder"":""0"",""componentQoh"":""0"",""componentBackorder"":""0"",""reorderPoint"":""0"",""reorderLevel"":""0"",""timeStamp"":""2018-01-25T20:44:17+00:00"",""itemID"":""714"",""shopID"":""0""}]}","{""ItemPrice"":[{""amount"":""550"",""useTypeID"":""1"",""useType"":""Default""},{""amount"":""0"",""useTypeID"":""2"",""useType"":""MSRP""}]}"
"716","210000000750","300","300","true","true","false","default","false","Jefferson Hayman | Brooklyn Factory","0","","","","","2015-12-31T15:38:49+00:00","2019-03-01T18:46:53+00:00","false","255","2","0","0","0","0","19","{""ItemShop"":[{""itemShopID"":""1434"",""qoh"":""1"",""backorder"":""0"",""componentQoh"":""0"",""componentBackorder"":""0"",""reorderPoint"":""0"",""reorderLevel"":""0"",""timeStamp"":""2019-03-01T18:46:53+00:00"",""itemID"":""716"",""shopID"":""1""},{""itemShopID"":""1433"",""qoh"":""1"",""backorder"":""0"",""componentQoh"":""0"",""componentBackorder"":""0"",""reorderPoint"":""0"",""reorderLevel"":""0"",""timeStamp"":""2017-05-31T17:34:50+00:00"",""itemID"":""716"",""shopID"":""0""}]}","{""ItemPrice"":[{""amount"":""800"",""useTypeID"":""1"",""useType"":""Default""},{""amount"":""0"",""useTypeID"":""2"",""useType"":""MSRP""}]}"
"717","210000000751","325","325","true","true","false","default","false","Jefferson Hayman | The Tappan Crossing","0","","","","","2015-12-31T15:39:58+00:00","2019-03-22T15:37:53+00:00","false","255","2","0","0","0","0","19","{""ItemShop"":[{""itemShopID"":""1436"",""qoh"":""1"",""backorder"":""0"",""componentQoh"":""0"",""componentBackorder"":""0"",""reorderPoint"":""0"",""reorderLevel"":""0"",""timeStamp"":""2019-03-22T15:37:53+00:00"",""itemID"":""717"",""shopID"":""1""},{""itemShopID"":""1435"",""qoh"":""1"",""backorder"":""0"",""componentQoh"":""0"",""componentBackorder"":""0"",""reorderPoint"":""0"",""reorderLevel"":""0"",""timeStamp"":""2018-01-22T18:25:40+00:00"",""itemID"":""717"",""shopID"":""0""}]}","{""ItemPrice"":[{""amount"":""900"",""useTypeID"":""1"",""useType"":""Default""},{""amount"":""0"",""useTypeID"":""2"",""useType"":""MSRP""}]}"
"718","210000000752","225","225","true","true","false","default","false","Jefferson Hayman | Of The Sea","0","","","","","2015-12-31T15:41:13+00:00","2019-03-19T15:14:04+00:00","false","255","2","0","0","0","0","19","{""ItemShop"":[{""itemShopID"":""1438"",""qoh"":""1"",""backorder"":""0"",""componentQoh"":""0"",""componentBackorder"":""0"",""reorderPoint"":""0"",""reorderLevel"":""0"",""timeStamp"":""2019-03-19T15:14:04+00:00"",""itemID"":""718"",""shopID"":""1""},{""itemShopID"":""1437"",""qoh"":""1"",""backorder"":""0"",""componentQoh"":""0"",""componentBackorder"":""0"",""reorderPoint"":""0"",""reorderLevel"":""0"",""timeStamp"":""2019-03-19T15:14:04+00:00"",""itemID"":""718"",""shopID"":""0""}]}","{""ItemPrice"":[{""amount"":""600"",""useTypeID"":""1"",""useType"":""Default""},{""amount"":""0"",""useTypeID"":""2"",""useType"":""MSRP""}]}"
"719","210000000753","300","300","true","true","false","default","false","Jefferson Hayman | Winter Scene Central Park","0","","","","","2015-12-31T15:41:57+00:00","2019-03-22T15:38:13+00:00","false","255","2","0","0","0","0","19","{""ItemShop"":[{""itemShopID"":""1440"",""qoh"":""1"",""backorder"":""0"",""componentQoh"":""0"",""componentBackorder"":""0"",""reorderPoint"":""0"",""reorderLevel"":""0"",""timeStamp"":""2019-03-22T15:38:13+00:00"",""itemID"":""719"",""shopID"":""1""},{""itemShopID"":""1439"",""qoh"":""1"",""backorder"":""0"",""componentQoh"":""0"",""componentBackorder"":""0"",""reorderPoint"":""0"",""reorderLevel"":""0"",""timeStamp"":""2018-01-22T18:25:38+00:00"",""itemID"":""719"",""shopID"":""0""}]}","{""ItemPrice"":[{""amount"":""800"",""useTypeID"":""1"",""useType"":""Default""},{""amount"":""0"",""useTypeID"":""2"",""useType"":""MSRP""}]}"
"749","210000000809","67","67","true","true","false","default","false","Glass Candleholder | Medium","0","","","","1520020","2016-01-05T23:27:59+00:00","2019-03-29T17:31:16+00:00","false","9","2","0","0","0","0","28","{""ItemShop"":[{""itemShopID"":""1500"",""qoh"":""1"",""backorder"":""0"",""componentQoh"":""0"",""componentBackorder"":""0"",""reorderPoint"":""0"",""reorderLevel"":""0"",""timeStamp"":""2019-03-29T17:31:16+00:00"",""itemID"":""749"",""shopID"":""1""},{""itemShopID"":""1499"",""qoh"":""1"",""backorder"":""0"",""componentQoh"":""0"",""componentBackorder"":""0"",""reorderPoint"":""0"",""reorderLevel"":""0"",""timeStamp"":""2019-03-29T17:31:16+00:00"",""itemID"":""749"",""shopID"":""0""}]}","{""ItemPrice"":[{""amount"":""175"",""useTypeID"":""1"",""useType"":""Default""},{""amount"":""0"",""useTypeID"":""2"",""useType"":""MSRP""}]}"